"subject_nr","count_trial","tot_dist","max_abs_dev","avg_abs_dev","AUC","Condition","Exemplar"
1,2,1063.00227090275,85.0821525881897,6.03217074739255,46527,"Typical","Loewe"
1,3,1032.67959000277,65.4189620288372,14.5527203587234,16242.4980615735,"Typical","Kaninchen"
1,4,1153.46371806337,99.1837292503676,18.1723397249807,54516.0103318594,"Atypical","Seeloewe"
1,5,1049.80507884077,64.340414235989,20.6840936748697,32053.5,"Typical","Alligator"
1,6,1961.69484969156,623.550219845759,92.4561279080155,228192.851796088,"Atypical","Pinguin"
1,7,1587.17670988424,598.19931721652,90.8554284560242,315863.5,"Typical","Katze"
1,8,2118.27937984627,880.764099830054,165.51640789847,550035.829833161,"Typical","Spatz"
1,9,1266.88233832662,210.788834332636,28.3628765665911,153632.733986567,"Typical","Chamaeleon"
1,10,1150.66709140742,76.8327049761992,17.54558209541,51609,"Typical","Pferd"
1,11,1028.20224414259,71.3338407719767,17.9555103009257,48131.5,"Atypical","Schmetterling"
1,12,1106.01055762847,97.7269446847738,4.65969600002108,70573.2855867329,"Typical","Hai"
1,14,1283.1525681896,154.12214031871,19.1521322488415,97678.8649004058,"Typical","Falke"
1,15,1026.17854452597,84.5308057352279,8.01934749767732,44149.3795396727,"Atypical","Wal"
1,16,1038.974216244,162.908665023392,8.22970083862614,85775.5765317103,"Atypical","Fledermaus"
1,17,1447.88297401017,276.245465996442,33.7085639404772,207243.5,"Typical","Lachs"
1,18,1246.25854742581,237.490664867243,31.6555592134502,162504.843856433,"Typical","Goldfisch"
1,19,1058.25855967678,66.7888413495036,12.2766807259328,33117.9072226254,"Typical","Hund"
2,1,1032.10937420982,96.0286172334277,17.157382528825,50450.3373865243,"Typical","Katze"
2,2,1032.5042769574,31.9075637394364,3.28400925073215,15579.5972139761,"Atypical","Pinguin"
2,3,2388.83306535984,984.891029998314,180.513059818543,463585.011504227,"Atypical","Schmetterling"
2,4,986.808024673207,37.8973452916013,7.24944820391173,22885.5723982962,"Typical","Spatz"
2,5,1848.50600919316,664.9159301368,92.3710911850653,281493.652074946,"Typical","Falke"
2,6,1173.87625160657,38.0769037438145,2.4962272511827,21351.0467473368,"Atypical","Aal"
2,7,1215.76466204245,17.6632305551114,2.15401211003082,9951.71715672994,"Typical","Hund"
2,8,1097.7993001973,78.4611408188977,5.7897809669158,49383.6416996933,"Typical","Klapperschlange"
2,9,1055.39914501977,64.8900487041499,14.3121185163922,13519.3190196247,"Atypical","Fledermaus"
2,10,1089.1817906783,56.6490806905212,19.0328273174953,29887,"Typical","Goldfisch"
2,11,1077.4662143028,26.93713569541,2.1571029977523,11485.3588118701,"Typical","Loewe"
2,12,1161.23603248502,34.6351506069221,1.82868554937228,16933.4627156492,"Typical","Hai"
2,13,1204.97794448657,193.293691100604,24.6079874656251,146548.5,"Typical","Kaninchen"
2,14,1051.41470123755,17.4975586109613,1.06720966235819,7061.61347527094,"Typical","Lachs"
2,15,1140.51543780642,65.9868644262918,7.8357362696181,43829.9999999999,"Typical","Pferd"
2,16,2327.80590829967,1019.04901791544,241.576313719261,458158,"Atypical","Wal"
2,17,1145.39007390004,144.974237311963,22.2793854622615,81827.6176120423,"Typical","Chamaeleon"
2,18,2937.21904163319,109.672778107785,54.0333417624741,106392.064420361,"Atypical","Seeloewe"
2,19,1122.04842346123,91.8478934850787,17.5339854598052,46602.2869332412,"Typical","Alligator"
3,1,2174.96254270521,617.808402724669,148.792403359512,484707.89770596,"Typical","Spatz"
3,2,1221.24764946128,44.6464788522387,6.68501557517266,27802.6354407008,"Typical","Hund"
3,3,2839.85011295295,605.776616567701,103.364904406165,125169.022439364,"Atypical","Wal"
3,4,1064.93825744153,72.38147272581,34.9763604338546,36334.4029466379,"Typical","Pferd"
3,5,1102.47249344495,45.533304950415,6.56414252149678,20281.8042204966,"Atypical","Schmetterling"
3,6,2078.17025196696,798.636120624614,230.469037215698,494752.5,"Atypical","Fledermaus"
3,7,2571.69266620388,972.266022133284,257.025843654826,414769.932752875,"Typical","Alligator"
3,8,2601.00893583977,878.116871031095,251.429131012289,401384.85473036,"Typical","Falke"
3,9,2161.22397548408,792.4956616279,136.457127559116,456937.231448384,"Typical","Chamaeleon"
3,10,1157.1048891033,141.337896499039,18.5313643482438,91712.4999999999,"Typical","Kaninchen"
3,11,3118.35382836276,686.621671381279,94.4238368165898,223373.132939847,"Atypical","Pinguin"
3,12,2069.69776995548,849.020975127799,188.27661568172,499195.5,"Typical","Katze"
3,13,1079.50164089901,58.0605440066144,9.15721149016203,30900.9362326029,"Typical","Loewe"
3,14,5241.83344645268,972.446327325605,231.588303539294,388665.906739357,"Atypical","Seeloewe"
3,16,1121.05675248455,126.143002107245,33.482917875608,72342.3285098968,"Atypical","Aal"
3,17,1171.81833779198,47.0348293622632,10.2402865176344,31908.8904695251,"Typical","Lachs"
3,18,1524.12748226751,419.169966955438,43.5046060528664,233116.798024391,"Typical","Klapperschlange"
3,19,1127.97291988843,72.6989598560643,16.4657284025523,55383.4999999999,"Typical","Goldfisch"
4,1,1150.23002364284,131.560791972469,47.4582017739772,96718.9999999999,"Typical","Katze"
4,2,2915.05438961173,865.890030500552,248.409518149113,178569.670242072,"Atypical","Fledermaus"
4,3,1216.37339688742,189.26708997449,39.7740223820647,100422.706502173,"Typical","Kaninchen"
4,4,1167.80232526134,109.635375233047,30.3243393123151,67762.0053508576,"Typical","Spatz"
4,5,1181.91623899608,245.814037393776,36.22612554559,136396.517157532,"Typical","Loewe"
4,6,1117.64251281523,179.250089162452,33.4131702892236,119374.5,"Typical","Hund"
4,7,3802.66380881802,922.150993096727,248.856103283057,343477.984902723,"Atypical","Wal"
4,8,1118.02038936633,172.847022875496,33.4460405575445,95512.9899861884,"Typical","Alligator"
4,9,2568.39024989711,1033.93680381985,350.814057269181,367719.971112276,"Atypical","Aal"
4,10,1131.62721154421,187.297697819549,34.3086905920278,126666.382539789,"Typical","Lachs"
4,11,1060.81449797841,120.081676902952,20.2821068934834,73777.9999999999,"Typical","Goldfisch"
4,12,2336.8548338094,1015.25190242587,313.498919062977,449936,"Typical","Falke"
4,13,1607.49959620601,464.142596077579,89.2236956701043,206681.482820709,"Typical","Pferd"
4,14,1137.54076271745,87.4058866123076,23.5500277043912,43610.7027439812,"Typical","Chamaeleon"
4,15,1646.72663042004,240.200158955457,45.7641023927183,46308.6203804942,"Atypical","Schmetterling"
4,16,2626.87393129111,910.515034358701,380.441986549195,458887.5,"Typical","Klapperschlange"
4,17,1829.08728849222,674.082156904556,204.228254488756,406935.063827687,"Atypical","Seeloewe"
4,18,1775.34415179623,271.192569566316,61.4984198782189,172263.047487779,"Typical","Hai"
5,1,1823.69948804477,728.028452761976,197.64291653833,307093.281179911,"Atypical","Fledermaus"
5,2,1443.89253841367,139.480968812678,14.9288980986487,108609.228486905,"Typical","Spatz"
5,3,1115.80781628658,190.789853208993,29.4200375183644,78586.8140585689,"Typical","Goldfisch"
5,4,1127.3164836969,173.995581867197,22.1715641609027,88708.8670505197,"Typical","Loewe"
5,5,1053.5834809045,105.752931918467,27.6159417232426,64278.3288782629,"Typical","Katze"
5,6,1258.83478246214,198.480340752572,37.0332415712448,118767.025955819,"Typical","Alligator"
5,7,1732.7243166786,550.098577263242,155.05779592796,285361.857363356,"Atypical","Wal"
5,8,1137.42065153058,189.788519595372,40.3399323831532,106540.344348466,"Typical","Lachs"
5,9,4400.51520753245,882.63345951056,295.247056854204,161058.026154149,"Atypical","Pinguin"
5,10,990.575092337877,31.016092312629,5.02276816501877,15382.2051702396,"Typical","Hund"
5,11,1285.63724340151,341.936284571439,80.2289706164273,132728.697404656,"Typical","Chamaeleon"
5,12,1064.57659208549,70.8921339636182,18.7399904739722,38942.5994594924,"Atypical","Aal"
5,13,982.985742754711,112.995299447121,17.9411340720215,54211.5812905885,"Typical","Kaninchen"
5,14,1057.39079590846,61.6634443954349,10.9176269758827,32383.4577670409,"Typical","Pferd"
5,15,1053.74858945121,66.518436688022,14.2381858949411,35585.3007329183,"Typical","Klapperschlange"
5,16,2894.01646112223,944.621642247121,302.402281848222,228854.397093851,"Typical","Falke"
5,17,1041.60466309549,48.0310719658028,8.29229627157795,37220.5,"Typical","Hai"
5,18,998.002169834067,16.6318503041269,5.9523277715832,6492.10242243945,"Atypical","Seeloewe"
5,19,1127.77692945992,114.393160946079,27.6897154760102,46627.0993916209,"Atypical","Schmetterling"
6,1,1650.76910413847,464.899101792165,90.3878254800079,275254.35371179,"Atypical","Schmetterling"
6,2,1092.77474842226,7.8559209732754,1.79289008070282,3588.52046645264,"Typical","Katze"
6,3,2262.19274096559,938.394242097541,368.701399451187,604660.5,"Typical","Chamaeleon"
6,4,953.101076258377,10.0220571527803,1.97600603451768,4509.10056945676,"Typical","Goldfisch"
6,5,1045.58580578224,48.4817951100982,10.8627895116602,33776.0786717385,"Typical","Hund"
6,6,5134.21145309176,1093.63168218351,430.95402849244,562160.21071855,"Atypical","Fledermaus"
6,7,1365.22869336051,195.838038464692,50.5967884846173,132018.777345194,"Typical","Spatz"
6,8,1033.00882701818,111.777424530005,20.0980337904033,33536.7183002833,"Atypical","Seeloewe"
6,9,1298.03143053482,273.553033768658,54.6371401292055,157177.727302787,"Typical","Pferd"
6,10,2384.00258231154,1076.2240259275,580.342018303773,526527.5,"Atypical","Pinguin"
6,11,923.965023356156,84.8362027072191,16.3958831967209,51009.0000000001,"Typical","Loewe"
6,12,1123.15017946658,38.1461831556558,5.86220265066138,23219.6604232158,"Typical","Kaninchen"
6,13,2354.97456493137,991.609126623881,473.883084362387,566454.974612045,"Atypical","Wal"
6,14,1165.2552268423,71.2060618874772,11.8499101888882,33966.5814715479,"Typical","Alligator"
6,15,1073.32436136195,45.5614387396529,7.12946313049297,28217.7700354941,"Atypical","Aal"
6,16,1335.78704009218,205.407537535481,32.1005313621179,149048.5,"Typical","Hai"
6,17,5573.48479782989,1019.61532382234,395.883291048416,17767.777026122,"Typical","Klapperschlange"
6,18,1095.29940279954,61.9388840789425,9.38810901757514,39084.4999999999,"Typical","Falke"
6,19,1009.81253918456,5.48759271336192,0.524376102261039,1715.5107318722,"Typical","Lachs"
7,1,1252.550269012,35.46823412757,4.72356215036737,19981.1991021597,"Typical","Hund"
7,2,1537.78813587128,544.107089763142,128.604362347626,204539.923324416,"Typical","Loewe"
7,3,1050.39854926866,147.273568876867,52.3185814414924,101419.5,"Typical","Pferd"
7,4,1048.26569684472,53.5824026303077,12.6425719962918,22111.3837909429,"Typical","Goldfisch"
7,5,1109.85910685939,61.8651779148109,18.5377330388342,29034.2564375166,"Typical","Kaninchen"
7,6,1145.54303373416,125.86108201662,22.5453059742306,45809.5676023352,"Typical","Spatz"
7,7,1167.56763925191,103.332220877043,28.7368891991167,65462.3955085259,"Typical","Lachs"
7,8,2668.53816896584,959.730883163016,497.294701494663,543536,"Atypical","Pinguin"
7,9,2191.28822088559,855.82410240439,225.561886252256,270725.5,"Typical","Katze"
7,10,1177.06261677997,281.211731669668,65.6224320434637,157152.5,"Typical","Alligator"
7,11,1129.68804542447,231.794897048,52.6424883725085,146290.5,"Atypical","Aal"
7,12,1026.05034043344,74.827479366461,20.3200619017672,38548,"Typical","Chamaeleon"
7,13,1050.29773405737,27.9113253650243,5.22315609883198,12614.9563744642,"Atypical","Seeloewe"
7,14,1101.52849548155,90.7136262732643,23.1962758555325,53325.3469493219,"Typical","Klapperschlange"
7,15,965.208335317196,35.1520714769328,9.95442783306136,17521.8239258748,"Atypical","Fledermaus"
7,16,1868.46243782948,724.227461103086,196.818637527398,433599,"Atypical","Schmetterling"
7,17,1582.33063554184,582.420910910162,142.971054205849,345809.5,"Typical","Hai"
7,18,1062.69187146777,68.8692372666255,13.0870289438754,41504.0806383872,"Typical","Falke"
7,19,2081.87165666741,877.028797781795,344.057755092269,435991.5,"Atypical","Wal"
8,1,1069.15768562915,18.4112976875979,1.75701518352974,10133.9931585041,"Atypical","Pinguin"
8,2,1052.8734844835,134.354909325112,15.0889468372447,56468.8247842409,"Typical","Klapperschlange"
8,4,1075.72771587013,73.9576501965603,4.71764520136629,44124.7916171438,"Atypical","Wal"
8,5,1070.17535942742,92.3762307702164,5.04810629629998,62945.4185370215,"Atypical","Schmetterling"
8,7,1027.42231323332,77.9449470772385,16.8890785914104,38501.5,"Typical","Spatz"
8,8,2622.0955778039,989.53184357747,268.928833891274,181128.481939565,"Typical","Kaninchen"
8,9,1253.14059514959,128.514216721818,18.7182654356785,84863.5000000001,"Typical","Lachs"
8,10,1009.12033607205,47.8119233537401,4.40200718740294,12198.23877281,"Typical","Loewe"
8,11,982.821677091697,29.1202632698484,5.02752434323181,16514.2863771324,"Typical","Alligator"
8,12,1054.43671368997,24.8159089267246,3.46438754409813,9564.30151770479,"Typical","Falke"
8,13,1074.16928261646,57.5878505117085,16.8943108207983,20672.4137665588,"Typical","Hai"
8,14,1076.4840290798,37.0086287334807,5.88332989392299,16401.2300933573,"Typical","Pferd"
8,15,1005.56034926623,40.6839758101611,6.05502681506956,21909.8843479951,"Typical","Hund"
8,16,1045.65234628574,91.9719934724423,11.9782645960275,49989.1424540893,"Atypical","Aal"
8,17,1060.51937279367,87.0528405641241,12.1953564025723,50872.7377562823,"Typical","Chamaeleon"
8,18,1075.05628383521,88.5770824838092,10.2988169017961,50213.9142846617,"Atypical","Seeloewe"
8,19,1838.33802081153,716.468625388526,171.043781466363,300112.223259693,"Typical","Goldfisch"
9,1,1092.07643833245,74.2055008016266,7.30294463957933,36134.4044538551,"Typical","Goldfisch"
9,2,1029.71678642883,39.6032685586239,8.31692157087592,16236.7787641819,"Typical","Katze"
9,3,1070.51866278557,96.3563246894219,21.2757548359477,47211.6018753167,"Typical","Alligator"
9,4,1094.32198871759,123.424663129222,21.0350734238756,71570.2354805666,"Typical","Pferd"
9,5,1074.01200688291,106.376171184059,10.0628175092325,66580.7108382413,"Atypical","Schmetterling"
9,7,1315.17307156101,146.480215082972,20.8693786513119,125206.540367634,"Typical","Chamaeleon"
9,9,1103.46215836707,114.880009266746,20.1537181733996,47097.8804741314,"Atypical","Aal"
9,11,1019.50496014578,48.2968793764153,17.6005097088008,30491,"Atypical","Pinguin"
9,12,2480.86706418412,996.342437282426,321.99854529694,493614.628714122,"Typical","Klapperschlange"
9,13,1165.67670638999,95.1719099164625,19.2958134043604,50092.0433453053,"Typical","Falke"
9,14,2040.61694188408,839.960231965232,214.455388011159,501780.5,"Typical","Spatz"
9,15,2884.8104404876,976.064428753439,178.838150514046,177136,"Typical","Loewe"
9,16,1482.53287229552,252.282615776969,91.0290566104428,91846.1173127403,"Typical","Lachs"
9,17,1121.79441514471,87.3517123987725,14.5645647755225,39055.0647093588,"Typical","Kaninchen"
9,19,1325.48570549212,220.641855229964,33.7009588308756,139491.366815764,"Typical","Hund"
10,1,1086.83467955041,85.3393310866969,12.4877148121752,51446.3234264388,"Typical","Hai"
10,2,1717.94494331464,667.708943117014,147.397340958641,334665.5,"Typical","Loewe"
10,3,1285.83070771816,54.1801455274018,12.106733596137,30745.7074306187,"Typical","Klapperschlange"
10,4,1039.29379695522,57.8781303087677,8.5582288990336,30691.5478276604,"Atypical","Seeloewe"
10,5,1073.61795261794,35.2233510563153,3.90105706516789,11331.2984507136,"Typical","Spatz"
10,6,1128.02311089557,199.482717694068,30.3059135914456,106349,"Typical","Alligator"
10,7,1045.17763003261,87.2494360936939,6.66532587000699,51864.6831035983,"Atypical","Aal"
10,8,1078.29081752459,67.3172711398706,12.3256088209252,20478.4472950521,"Atypical","Pinguin"
10,9,1010.59929155337,94.080931902077,13.0286983578647,54244,"Typical","Hund"
10,10,1036.04936904358,123.246835261007,27.4575370814369,77388.3552423102,"Typical","Lachs"
10,11,1032.25017200699,23.3927652919833,3.65623675195606,15225.4756734992,"Typical","Kaninchen"
10,12,1012.06324087609,35.8275699436328,9.02267590005526,19502.1715185136,"Typical","Pferd"
10,13,1083.57903511888,150.20997802243,20.0561409470941,87856.2587417663,"Typical","Falke"
10,14,1101.56211608189,65.5438233503999,6.17979170437514,30775.6834965264,"Typical","Katze"
10,15,1260.41123526499,271.273210761126,94.1709669487891,111347.5,"Atypical","Schmetterling"
10,16,1075.9661688988,64.4557115246901,7.7550673153789,34897.6646347289,"Typical","Goldfisch"
10,17,1086.03838498689,63.7325882581543,13.4309311548117,46029.4999999999,"Typical","Chamaeleon"
10,18,1529.02401018953,504.866205746351,131.696910594576,295971.430339174,"Atypical","Fledermaus"
10,19,1657.16848284568,585.084129059774,147.743307430035,267023.499815157,"Atypical","Wal"
11,1,1244.12412407047,255.441791582929,45.896108469801,99962.0593416165,"Typical","Loewe"
11,2,1087.28319142591,40.2834274160808,9.96342622763505,24187.0110747528,"Typical","Chamaeleon"
11,3,2015.79388647916,611.26950974705,43.1119064016836,223399.512048648,"Typical","Spatz"
11,4,1040.97577624026,62.3106896882676,12.7345245095109,30726.708771362,"Typical","Katze"
11,5,1002.2973712297,61.1138557135737,7.30454270710689,31400.921009853,"Typical","Lachs"
11,6,989.976625629305,50.9670947450025,5.30942753507739,27477.5239257111,"Typical","Klapperschlange"
11,7,2139.00507598199,843.773061343023,307.872762856282,347378.063594574,"Atypical","Seeloewe"
11,8,1576.05715263694,591.526860260896,77.0043132188678,292949,"Typical","Falke"
11,9,1063.68049153299,113.411827608266,21.0695013643952,68260,"Typical","Alligator"
11,10,2334.74718343411,881.813197480275,624.833188362228,466953.118657718,"Atypical","Aal"
11,11,1021.82271999866,97.872575677407,15.5611784484129,55087.0573881629,"Typical","Goldfisch"
11,12,1153.68143592444,111.165782587964,22.9263738895078,80843,"Atypical","Pinguin"
11,13,1141.20528508606,150.701950091038,10.6864857492007,61830.1234952338,"Atypical","Fledermaus"
11,14,1681.18743478078,542.125485351191,119.562753944559,278316.991278703,"Atypical","Schmetterling"
11,15,1072.60225056035,202.561803757952,12.7303910848594,115587,"Atypical","Wal"
11,16,1006.74382803507,79.5122325302921,13.3387639887209,46398.1585365855,"Typical","Pferd"
11,17,1301.32826711664,41.0567758111815,21.1987309361589,19518.3721392894,"Typical","Kaninchen"
11,18,1042.67561639182,109.125049640861,13.4917043821301,51148.6845305312,"Typical","Hund"
11,19,1361.19553843915,155.064760516695,13.8957424803529,103196.501110716,"Typical","Hai"
12,1,1532.17306926489,22.4753864466613,5.1347303816831,15491.608348634,"Typical","Katze"
12,2,1303.91905265677,123.471473108014,16.2071735839627,61995.3116824565,"Typical","Kaninchen"
12,3,1151.00317521446,22.3122260653442,3.13996114920299,9822.06171300338,"Typical","Spatz"
12,4,1546.99753985181,460.446805010558,42.6860328576875,223020.5,"Atypical","Pinguin"
12,5,963.359880678646,51.4867281324202,22.0522468929418,19963.6707572513,"Typical","Hund"
12,6,1292.04784617964,177.931544462202,25.494424141871,42055.5688291116,"Typical","Hai"
12,7,1304.4289212922,28.5370955117587,2.54181755956875,19309.4826595391,"Typical","Chamaeleon"
12,8,1208.7987879532,270.892311168498,121.452584059716,99036,"Typical","Pferd"
12,9,999.314568796325,71.7020216574954,40.8900022066317,43090,"Atypical","Aal"
12,10,1214.05454428952,73.110153006267,20.869613311914,34110.7657773228,"Atypical","Seeloewe"
12,11,1110.19755647433,22.4671114195405,4.28483013847504,15618.4781794026,"Typical","Loewe"
12,12,1063.08773025326,77.2504081736398,10.6336030056804,41085.5,"Typical","Lachs"
12,14,1237.38756221671,157.791641361759,26.4720853145233,54142.7544828724,"Atypical","Schmetterling"
12,15,1374.07271210578,100.620901344071,19.3785032955422,64810.2911734773,"Typical","Alligator"
12,17,2677.36078400231,1181.75136480648,278.087718038969,727490,"Atypical","Wal"
12,18,1420.96639057719,27.2104029918206,10.1101660251145,15034.092131076,"Typical","Goldfisch"
12,19,2977.68081122453,103.555085735394,28.8626075524629,68892.3852913206,"Typical","Falke"
13,1,2190.27736938935,838.573516679455,231.250541660078,221919.839390714,"Atypical","Wal"
13,2,1301.97973508225,234.066223890097,49.2630384849341,82272.1958445575,"Typical","Chamaeleon"
13,3,2914.66134336336,892.408232545698,161.379614405072,124634.755135268,"Atypical","Aal"
13,4,1400.31224888876,305.495609566341,111.644875543276,135631.5,"Typical","Katze"
13,5,1165.32884005294,147.955873329957,51.5410217649208,71899.9014339623,"Typical","Spatz"
13,6,1155.37493589179,96.9302227704143,40.2103514977883,55916.0317578794,"Typical","Goldfisch"
13,7,1021.40886779933,55.5566147763521,8.43918885003933,29567.4464393008,"Typical","Loewe"
13,8,1327.78994528998,157.155918652334,72.0939169021019,74028.5814629206,"Typical","Hai"
13,9,1293.79410522313,133.411464324172,37.8519764023718,88441.238470752,"Typical","Hund"
13,10,1036.37448065453,95.1820037547346,34.7766790389886,31224.401516722,"Atypical","Schmetterling"
13,11,1017.11757890736,104.655280116246,44.7688703598375,44933.3524490007,"Atypical","Seeloewe"
13,12,2474.70460478961,945.706255806716,372.466739406748,367789,"Typical","Klapperschlange"
13,13,974.9632461914,139.937653694125,14.7441516944541,73869.8377828654,"Typical","Pferd"
13,14,1238.40428182004,208.477470755782,58.4717096438863,109389.196297598,"Typical","Falke"
13,15,1349.17633669908,299.570555156773,117.216041233945,114648.100217959,"Atypical","Fledermaus"
13,16,1095.27411120967,51.8314511884407,9.23235342658306,16658.7506564107,"Atypical","Pinguin"
13,17,1189.46009649957,205.692305342287,124.907939895852,94801.6697970594,"Typical","Alligator"
13,18,947.00006174698,103.67378104818,37.8827312523984,64849.5971608723,"Typical","Lachs"
13,19,1074.07626070106,92.5525038774508,39.4751178894542,48801.9248878902,"Typical","Kaninchen"
14,1,1182.80124233242,194.497585931182,37.4480143251082,121584.93977772,"Typical","Klapperschlange"
14,2,1117.83662680729,207.107340773932,79.2585079609869,102878.179955914,"Typical","Lachs"
14,3,1006.91291238454,47.0062268838253,7.60259569146707,23174.2582496413,"Typical","Goldfisch"
14,4,1015.67777231641,38.4740545904591,11.1062861761972,21976,"Typical","Loewe"
14,6,1138.2050793908,126.289261495847,52.0704757948278,84712,"Typical","Falke"
14,7,2207.75496033651,900.533135097107,414.323133959051,293109.280450638,"Typical","Kaninchen"
14,8,1823.45017850997,788.849801834829,209.638255846073,331375.593136684,"Atypical","Fledermaus"
14,9,1640.43103392396,405.624297320999,50.0605285138693,208631.606265935,"Typical","Hund"
14,10,1114.79784804676,40.970988789048,7.43956693767762,19241.8499219014,"Typical","Spatz"
14,11,1239.78272787041,256.750857325949,69.1492984118009,119883.599684731,"Typical","Pferd"
14,13,2069.63794850265,865.642572887337,193.173135124221,473081.061502205,"Atypical","Wal"
14,14,1124.81757131729,98.6714836944268,32.617024025478,80171.9482017778,"Atypical","Seeloewe"
14,15,972.98572680956,30.4321561580962,6.85525148376217,17697.5307713482,"Typical","Chamaeleon"
14,16,1021.92280070748,58.4976185543625,10.0112216967145,33204.3195622864,"Typical","Hai"
14,17,1132.80780063898,199.823064664052,64.5326677429668,68225.3855514813,"Typical","Alligator"
14,18,2158.27388297337,906.67739794432,222.495317419971,469783.80353144,"Atypical","Schmetterling"
14,19,1000.75597744737,49.2117222061401,16.9389301793929,28775.1866606086,"Atypical","Pinguin"
15,1,1063.57733237671,27.2613624123784,3.29648353936411,16946.2163319279,"Typical","Spatz"
15,2,989.579705152089,101.009482525846,23.9498943052399,68162.7178232785,"Typical","Katze"
15,3,2390.83686883273,1015.19165307456,403.980233059961,503519,"Atypical","Wal"
15,4,1144.71133059498,213.702063834167,37.5970703383149,135674,"Typical","Pferd"
15,6,1111.51717717096,36.9971167741028,4.63642598430959,21754.214776558,"Typical","Loewe"
15,7,1273.67594611342,205.995127972147,50.9455470868973,67610.8930694708,"Typical","Chamaeleon"
15,8,2231.13557215884,923.91560139674,409.821052433857,355657.976206512,"Typical","Klapperschlange"
15,9,1119.88613663903,161.650577988838,22.1038045593205,120267.340873141,"Typical","Kaninchen"
15,10,1066.11883485741,97.1514021355341,9.99274828879954,63513.9999999998,"Typical","Lachs"
15,12,1019.88838224376,81.1530923635219,10.4188919054074,39834.7686376002,"Typical","Goldfisch"
15,13,1039.58906536288,73.5327574424375,9.9595978502946,41887.4999999998,"Atypical","Aal"
15,14,1011.2081957596,32.6562745322076,3.28869583302411,14214.012525709,"Typical","Alligator"
15,15,1027.57899249345,82.9808201028128,8.97973188777547,46448.0726765431,"Typical","Hai"
15,16,995.05186281259,25.8155897544997,2.18110644007553,14993.2661187836,"Atypical","Schmetterling"
15,17,979.549966864227,36.4694653199903,4.47558268475623,16321.1860432804,"Atypical","Fledermaus"
15,18,1037.94306706306,108.934746950503,14.3057559489933,63161,"Typical","Falke"
15,19,1896.91927417985,768.989232889011,157.178661192891,439535,"Typical","Hund"
16,1,2477.47409285241,525.267283878891,245.561630225426,219925.5,"Typical","Katze"
16,2,995.738946855358,125.189640899632,38.5914241365354,52177.9585482162,"Typical","Spatz"
16,3,3260.95576368948,951.059546161522,174.616584938554,134006,"Typical","Pferd"
16,4,1260.03766238946,46.7435433135111,7.07590137010953,29362.4280052481,"Typical","Hund"
16,5,1412.80308239934,316.261916213013,83.4859343208305,161658.5,"Typical","Hai"
16,7,1011.29320723675,60.2551603342502,13.4016231901708,26981.5151012664,"Typical","Chamaeleon"
16,8,2198.57153958106,905.566197255304,279.332179139899,344461.603613016,"Atypical","Fledermaus"
16,9,1221.8011118229,157.922678806134,25.3558648127916,83950.3268854184,"Typical","Klapperschlange"
16,10,1602.68386547148,370.726630855353,136.38639752406,215201.948655565,"Atypical","Schmetterling"
16,11,1086.8100906156,120.614897451736,25.3340498404971,38625.8354509432,"Typical","Alligator"
16,14,1077.51956388456,50.6120909909789,7.89365266632221,25987.1168646931,"Atypical","Pinguin"
16,16,2005.29618353955,874.671296607459,238.856424014034,415244,"Typical","Loewe"
16,17,1109.14344033411,70.7722644195666,26.7305770521558,24286.5775619795,"Typical","Goldfisch"
16,18,1066.71875586691,80.7610040949255,26.6347006880805,29510.4474309841,"Typical","Kaninchen"
16,19,1800.54330900836,655.190295450367,225.326353825049,388176.5,"Typical","Lachs"
17,1,1404.3236030751,180.803996494864,28.0269748215814,51161.9906251423,"Typical","Loewe"
17,2,1067.53826094356,74.346035277324,8.14280384330675,45133.6960061848,"Atypical","Fledermaus"
17,3,1070.56050090502,63.0831386033476,4.47081411902008,41302.5692757936,"Typical","Lachs"
17,4,1159.65485645321,49.2544628666957,1.82664298026168,25062.3213682529,"Atypical","Seeloewe"
17,5,1200.32928719982,154.273075202975,3.78033437684398,112254.62039961,"Atypical","Aal"
17,6,1195.22172946259,142.05097112767,22.5615359966138,107522.5,"Typical","Chamaeleon"
17,7,957.067342265837,63.9755263442121,12.4184937761492,32605.3221607845,"Typical","Alligator"
17,8,1230.35933841545,309.796384614412,40.3098627464018,210543.5,"Typical","Kaninchen"
17,9,1396.71908311731,332.018035226593,39.0675194464743,254755.5,"Typical","Goldfisch"
17,10,1230.52870343987,124.800304026448,17.8279082705614,88505.402533982,"Typical","Pferd"
17,11,1279.63393136121,232.372743648835,18.535223029105,172931.010143611,"Atypical","Schmetterling"
17,12,1038.68400901879,118.838340807565,13.0995062320803,48103.847690966,"Typical","Falke"
17,13,1527.65748232339,82.101589543892,5.05373519853381,68443.7987915402,"Atypical","Pinguin"
17,14,1049.57052125081,49.8977881090174,5.45576762246945,31168.6435200983,"Atypical","Wal"
17,15,1212.06278481235,91.0788791106188,10.3899874289904,70204.7284747428,"Typical","Katze"
17,17,1516.69727655709,533.087758926579,95.1121550038878,325062.5,"Typical","Hund"
17,18,1079.85397452146,98.7789420572686,4.41798189218391,49051.1097752424,"Typical","Spatz"
17,19,1274.40012298923,349.437973795251,41.3918780236258,231906,"Typical","Hai"
18,1,1387.58935998359,117.442289352202,24.5452783919282,101568.5,"Typical","Hund"
18,2,1428.60520189188,387.574980873309,97.2499436166069,246386,"Typical","Lachs"
18,3,2691.29184312895,836.095018890543,306.395433779596,120766.270492744,"Atypical","Aal"
18,4,3206.64126430012,951.03635338065,411.227647359008,-26782.5322270392,"Typical","Klapperschlange"
18,5,1403.13693467252,149.166727810188,23.0283307232727,60370.6730723181,"Typical","Alligator"
18,6,1654.88901014815,497.968534180355,99.651296504802,410539.5,"Typical","Spatz"
18,7,1383.39694744098,85.9951574358201,11.467668163137,57097.6178575114,"Typical","Falke"
18,8,1132.36494830706,144.59016348819,13.4336707805337,103017,"Typical","Chamaeleon"
18,10,2294.12226796242,997.540832722996,173.054190321626,609432,"Typical","Pferd"
18,11,1187.85650131985,40.0725107639008,8.79941481509585,21151.6743441163,"Atypical","Seeloewe"
18,12,1096.80620507778,78.292542319768,10.7334163743371,51059.7939918126,"Typical","Loewe"
18,13,1322.67947735035,62.8347333090789,8.24455972872885,45128.930119709,"Typical","Kaninchen"
18,14,991.029838178526,44.6677438153449,9.30161071717278,27170.8262498385,"Atypical","Pinguin"
18,15,1098.36370147566,55.6355621485621,8.74679407763767,30835.1315997329,"Typical","Katze"
18,16,1066.78281491636,122.631924392893,21.2127395870205,80985.5,"Typical","Goldfisch"
18,17,2306.67816489194,997.891321737953,548.409128213942,540164,"Atypical","Fledermaus"
18,18,1184.19640473993,95.9750735012987,15.3627823760808,75795.7465490524,"Atypical","Wal"
18,19,1028.48418733184,66.339591636551,19.8552886589526,35727.5849117575,"Atypical","Schmetterling"
19,1,1034.72691658869,15.783149123749,2.7155201282902,8029.83069636958,"Typical","Lachs"
19,2,2663.42215321816,927.862151319844,227.962389769198,331041.5,"Typical","Klapperschlange"
19,3,1185.23848623183,36.9628311068435,3.92270818857502,20119.3378871516,"Atypical","Fledermaus"
19,4,1102.86882812288,121.813645937504,20.1845239328717,58782.1807862186,"Atypical","Seeloewe"
19,5,1055.51208295567,65.5394708399058,16.093064879483,37124.7000755505,"Atypical","Pinguin"
19,6,1063.18516678638,77.6379890251889,11.3434098201496,47090.3488927198,"Typical","Pferd"
19,8,1078.35302398653,31.2245858155124,5.39258639235434,22088.0737786908,"Typical","Kaninchen"
19,9,1007.45120126926,76.4130745198113,15.6182727867597,46792.3180352862,"Atypical","Aal"
19,10,1198.90568143434,93.5429498673926,19.4618308889707,42186.2703822074,"Typical","Goldfisch"
19,11,1107.64113974918,87.7465711791725,17.8961567840845,57913.4999999999,"Typical","Katze"
19,12,1221.3672597856,53.3357743882231,8.58517186297789,40219.7165768087,"Typical","Chamaeleon"
19,13,1039.8448880454,18.437852844093,3.62885796471551,10364.5792436833,"Typical","Alligator"
19,14,1107.0773051826,20.5356620990316,4.1817578628009,9651.76091030678,"Atypical","Schmetterling"
19,15,1093.66861769791,14.8577129927244,1.82021514651788,7313.22426551428,"Typical","Loewe"
19,16,3066.99155872801,838.990080915377,259.533379719391,257472.372295474,"Atypical","Wal"
19,17,1051.00789649574,51.6199627814412,11.4526351617026,24745.7439264917,"Typical","Hund"
19,18,1276.95612286701,55.8950921253457,7.94521907909787,42568.5,"Typical","Spatz"
19,19,1101.34078213409,93.3670051303949,20.2851701374364,45189.2533150638,"Typical","Falke"
20,1,1376.17793281658,186.174793541547,41.9055294491605,118529.001471685,"Typical","Katze"
20,2,1135.6246764715,121.36467866328,27.6326215676678,52250.0972737868,"Typical","Hund"
20,3,1746.14683206195,626.256692191373,91.1286049667847,370371.985102346,"Typical","Lachs"
20,4,1225.93970273159,87.057681705776,11.959505066643,54776.1909101656,"Typical","Chamaeleon"
20,5,1134.63081659904,52.9671600449504,5.47175065599374,31296.9565888352,"Typical","Pferd"
20,6,1015.86237402817,54.6763402125237,8.78342072215853,31968.5,"Atypical","Pinguin"
20,7,1649.59404065628,620.934860811389,143.186223348258,354424,"Atypical","Schmetterling"
20,8,1154.384359518,104.95373422941,24.0029844527375,64729,"Atypical","Fledermaus"
20,9,1013.80605885923,41.8458751540201,6.4038860260671,15012.8898350057,"Atypical","Aal"
20,10,2258.76810732667,991.841197576965,528.273103008578,541616.5,"Typical","Hai"
20,11,1187.45075126854,150.363461204929,29.4619906031655,87087.9123515036,"Typical","Goldfisch"
20,12,1091.48140193167,51.4886756118057,10.4736278861035,29636.5,"Typical","Kaninchen"
20,13,1233.53316988238,53.3523082743545,7.52179091792672,42502.5000000002,"Atypical","Wal"
20,14,1062.75159045717,60.7841429420128,5.12455810060048,27524.4141078839,"Typical","Klapperschlange"
20,15,1068.21812767322,48.2936013008506,8.22346301607905,27281.1354862386,"Typical","Alligator"
20,16,1275.16365705815,94.335763587045,7.80815365802424,47446.7322204698,"Typical","Loewe"
20,17,1054.50329016626,42.3962852283234,10.6045311311473,22425.482961144,"Typical","Spatz"
20,18,3057.69084635241,921.553193802552,205.709828358917,179761.5,"Atypical","Seeloewe"
20,19,1117.83089726716,44.9369776764682,2.70289480784131,17408.3663990569,"Typical","Falke"
21,1,1053.00174976506,58.877780939806,14.251702587153,24254.8202255366,"Typical","Goldfisch"
21,2,1148.81578258034,48.7285672847346,5.49388297209504,28350.9742180813,"Typical","Chamaeleon"
21,3,2346.83504588299,1007.55757071181,215.439688197232,498129.5,"Typical","Hai"
21,4,1033.85464168674,23.7313956235968,2.06863751345059,15933.4188153008,"Atypical","Seeloewe"
21,5,1341.34023176551,381.899620154062,39.6859076124522,181920.5,"Typical","Katze"
21,6,1070.40618519568,129.952504631429,21.3567652607675,48330.9826283747,"Atypical","Fledermaus"
21,7,1370.90112025966,37.6933126575699,7.75066191474378,24540.9741624553,"Typical","Hund"
21,8,2407.45707370138,991.842707837785,307.589843182484,502549.5,"Atypical","Aal"
21,9,2520.06422378627,1091.54018160749,366.847360263417,503236,"Typical","Spatz"
21,10,1255.57323484445,59.158727344483,6.63996582188535,51116,"Typical","Alligator"
21,11,2080.526912139,843.413410399025,263.536655877551,421851.5,"Atypical","Wal"
21,12,1113.30289173843,45.665094177527,7.5004870931703,22860.4518489555,"Typical","Lachs"
21,13,2691.98613556476,1171.20032913528,150.347771056574,510484.5,"Typical","Loewe"
21,14,3225.40771342093,901.78442878276,187.78806978512,24100.5871203475,"Typical","Falke"
21,15,1273.12394702917,96.979790570597,20.4469700141556,82685.0000000001,"Typical","Kaninchen"
21,16,2365.78006980287,1009.59676241696,286.368997662919,521601.973168539,"Atypical","Schmetterling"
21,18,4836.81223411032,977.507431013903,261.422559065586,568123.377396764,"Atypical","Pinguin"
21,19,1199.34831708749,73.6810694819232,11.9977923997897,53938.9999999999,"Typical","Pferd"
22,1,1225.85543979952,92.2728720443016,12.3764323486966,43838.9193450794,"Typical","Pferd"
22,2,1146.92729579305,167.879206940932,24.438390571686,91208.8287486567,"Typical","Alligator"
22,3,1013.20009300144,54.5091068120177,5.52034209039562,28012.4297754882,"Typical","Hund"
22,5,1154.11552246992,138.491970067567,18.9438608364462,94588.5531324344,"Atypical","Aal"
22,6,1163.8713499112,106.403455626946,20.8713394407178,71304.5453505001,"Atypical","Pinguin"
22,7,1356.60628387291,87.9977041188654,15.9063671599222,56185.8189750223,"Typical","Chamaeleon"
22,8,950.770909966658,76.7488225719152,6.99991795109178,39098.6481107746,"Typical","Klapperschlange"
22,9,1089.27819470926,57.1227581826519,24.3374713165372,29126.4698244596,"Atypical","Schmetterling"
22,10,1046.95139199881,48.1458869577837,10.7577519476012,25562.2258634419,"Typical","Hai"
22,11,2254.83137754558,942.794231940934,221.528148242532,430978.939071512,"Typical","Loewe"
22,12,1224.09942685477,166.503210021628,42.2298349120622,77982.0116038299,"Typical","Falke"
22,13,2106.16498829071,745.399602640461,94.7123624572231,295718.757183609,"Atypical","Seeloewe"
22,15,1658.8333297266,360.031744865864,74.9757614387478,212661.782893833,"Typical","Spatz"
22,16,1203.4706532824,94.3881296921306,42.6283120183422,52080.1107262073,"Typical","Goldfisch"
22,17,1097.16170256515,81.6680593189404,19.7816054487671,53625.5,"Typical","Kaninchen"
22,18,1070.11837362339,24.478206612363,6.97979816735294,13141.0052233653,"Typical","Lachs"
22,19,1238.3393957286,145.143018095622,27.997135140164,91027.1608450015,"Typical","Katze"
23,1,1831.85380624545,611.091964400661,229.005050010787,292183.134647764,"Atypical","Wal"
23,2,993.587366185989,82.8877375948055,18.0822785284214,46268.3296192292,"Typical","Lachs"
23,3,1769.8424013465,680.362397340198,144.254030996645,401080.325580316,"Typical","Loewe"
23,4,1179.06895353864,253.780917097372,25.0068299006323,165209.632385727,"Atypical","Schmetterling"
23,5,1129.33661580534,99.586360847927,13.555895500555,57115.9587565027,"Atypical","Aal"
23,6,2060.1761056706,666.462086899226,107.195329739172,492405.805043458,"Typical","Goldfisch"
23,7,2036.25371748769,785.735616197895,239.266632631137,467228.5,"Atypical","Fledermaus"
23,8,1100.72088332099,80.2431931844783,22.3916409092913,48249.997089541,"Typical","Klapperschlange"
23,9,1089.68899182784,150.92178334534,25.080746271837,63849.4490766091,"Typical","Kaninchen"
23,10,1587.89637952781,533.80475157982,76.8397391364032,373780.985650407,"Typical","Katze"
23,11,1133.56608742838,97.9835211922507,19.3658483742926,56223.4080727928,"Typical","Alligator"
23,12,1034.77402979483,173.594412778411,26.3220525614028,103339.372970541,"Typical","Chamaeleon"
23,13,1096.03357291079,160.710667246733,62.6026559082673,94765.1144284064,"Typical","Hai"
23,14,1174.89051411864,40.5100896777575,3.58984265687007,16202.0815713719,"Typical","Hund"
23,15,1244.78145030976,245.597382367172,56.5729097868685,187170.575906946,"Typical","Pferd"
23,16,1005.02425495706,124.894650192353,28.7160025919844,67704.9750467471,"Atypical","Pinguin"
23,17,1311.75293840102,340.093358883226,57.9360421644854,145884.556423248,"Atypical","Seeloewe"
23,18,1549.87050776142,538.82761540782,78.4552097303456,247148.506720654,"Typical","Spatz"
23,19,2164.39040830551,756.990732474218,137.880184591439,500468.644233137,"Typical","Falke"
24,1,1062.10164413793,35.2164607543741,11.6903937227435,21162.9516792196,"Typical","Kaninchen"
24,2,1042.67920700565,35.9708561753891,11.3588717568548,23152.7699446092,"Atypical","Aal"
24,3,1222.7927920925,142.216939628744,25.1562267696922,106285.217598333,"Typical","Hai"
24,4,1067.38038737413,81.9397599443211,15.9050704183444,64832.1220345515,"Typical","Klapperschlange"
24,5,1117.56968375234,70.7993497945925,11.073833577274,42744,"Typical","Chamaeleon"
24,6,1091.54848339709,65.9260460391046,20.3549382507414,31268.9999999999,"Atypical","Schmetterling"
24,7,1085.05298967696,17.8882646803287,4.5687974103356,9729.04614120472,"Atypical","Fledermaus"
24,8,1157.12976126356,37.5811178872018,9.39010892024362,20162.1497680884,"Typical","Falke"
24,9,2352.4270850905,793.246578757979,212.603467997669,300554,"Atypical","Seeloewe"
24,10,1183.00361743139,101.866676861234,24.7142727680305,43168.0784372717,"Typical","Alligator"
24,11,1147.42279780636,51.4715381006242,7.62691761015179,25177.1541768837,"Typical","Spatz"
24,12,1045.32759652544,40.3874692094454,7.07176221698867,18382.5744136666,"Typical","Loewe"
24,13,1136.38496346937,118.817959286311,24.982623319566,80521.9999999998,"Typical","Hund"
24,14,1244.48694988637,144.462034476118,53.3392956475162,104055.950812457,"Typical","Lachs"
24,15,4172.12498661286,295.173244258739,64.0565441446458,204054.73204665,"Atypical","Pinguin"
24,16,1638.83973411918,501.486952477629,275.485235037595,243283.242116764,"Atypical","Wal"
24,17,2294.18649558544,977.485895847303,141.714550195099,549793,"Typical","Goldfisch"
24,18,1083.49663953637,52.5426153540121,8.57619469431699,33252.815606131,"Typical","Katze"
24,19,1102.86864035149,103.223541959474,25.2031131976809,59703.0025006148,"Typical","Pferd"
25,1,2380.86118777365,908.910686111973,326.143830568666,504069.797394417,"Atypical","Wal"
25,2,1513.55477598264,240.04232504605,57.5351382755417,133976.414358282,"Typical","Hund"
25,4,1207.70896856045,82.6143051539957,15.0029386505346,49318.7051476069,"Typical","Lachs"
25,5,1275.77769020545,188.055739811184,84.0455351613956,132110,"Typical","Kaninchen"
25,6,1316.35029888893,36.2193323115009,9.98900973673194,24977.3354512723,"Typical","Klapperschlange"
25,7,1253.41916367122,121.328254473346,19.7881835389764,58968.710155113,"Typical","Falke"
25,8,3120.32551143727,1228.93052457236,302.1396929213,498414.329935935,"Atypical","Pinguin"
25,9,2395.47265066205,844.929714681402,138.564776090476,399649.791179921,"Typical","Alligator"
25,10,1089.09498688948,54.6863888027318,16.9129566246052,28846.1994375978,"Atypical","Schmetterling"
25,11,1295.44378627515,48.2329141521732,5.60326350806789,21179.7131174859,"Atypical","Aal"
25,12,1298.0280834229,217.411296779886,48.6151581702911,115777.65518979,"Typical","Spatz"
25,13,2171.49935329972,509.562992069139,77.9382132011442,422608.680587545,"Typical","Chamaeleon"
25,14,1145.52548833028,46.4176649937988,7.4876894099401,26556.785998654,"Typical","Goldfisch"
25,16,1468.76669983959,196.761098849116,38.7559258015603,123116.469000803,"Typical","Loewe"
25,17,1695.25526839816,498.20913711084,105.717839347972,282032.492059511,"Typical","Pferd"
25,18,1231.25719814957,112.035653718397,22.5569268367801,88196.3484200184,"Typical","Katze"
25,19,986.789816999715,18.7898419724819,3.89124067570331,9149.25515947467,"Typical","Hai"
26,1,1271.25193491757,50.7942676098874,7.40348433482417,37620.0307992754,"Typical","Kaninchen"
26,2,1433.01727756582,381.172903423899,75.7583118015982,284091.701700745,"Atypical","Aal"
26,3,2386.11858169787,954.306645063346,281.564626908233,592711.970259859,"Typical","Loewe"
26,5,1427.19610435861,265.143979360762,54.7912581555818,123133.259756732,"Typical","Hai"
26,6,1068.9256167786,108.90827194585,26.0588712562495,51537.7317609906,"Typical","Pferd"
26,7,1435.25857572171,408.48051246734,77.5249412512369,241486.622967267,"Atypical","Schmetterling"
26,8,2401.38352272717,1011.26992823385,369.172988749752,521507.5,"Atypical","Seeloewe"
26,9,2313.64292326814,958.46617528499,310.69220059885,434557,"Atypical","Pinguin"
26,10,2699.04558919061,1143.90789348661,325.249169672118,600138.149618811,"Typical","Hund"
26,11,2721.86008461698,1215.04201777709,345.131676475523,730052.098516775,"Typical","Spatz"
26,12,1144.94695173425,28.3362087778683,7.66712613569135,17842.0282495667,"Typical","Katze"
26,13,1144.68919150023,71.3207166529029,21.9356978828964,41141.7855737276,"Typical","Chamaeleon"
26,14,1211.69044899618,67.7849689505603,10.5547597565969,35654.6245074126,"Typical","Goldfisch"
26,15,2427.10874684863,834.029891421788,173.794643608612,208186.5,"Typical","Lachs"
26,16,1140.48927003944,85.9594859105892,12.8212009403313,37042.9191933523,"Typical","Falke"
26,17,1288.66269884542,144.905916788049,34.4939011834782,68793.251514527,"Atypical","Wal"
26,18,1164.07211359405,30.1508016407141,7.66868393773053,19765.9111751903,"Atypical","Fledermaus"
26,19,1399.82676117696,72.5374107257911,14.5832999106007,63109.1727313723,"Typical","Alligator"
27,1,2336.94535616642,991.138733110058,291.821350917063,534176,"Typical","Hai"
27,2,1824.20453329297,640.184332729952,116.092573689154,340709.11639347,"Atypical","Pinguin"
27,3,1143.47865715624,34.5072322399834,7.20238755954229,22500.5120833482,"Typical","Chamaeleon"
27,4,1056.58875631755,27.4527542471453,5.09687864792991,13900.5503785814,"Typical","Spatz"
27,5,1041.54495197499,39.3767042685578,7.01106490092169,24297.3549086566,"Typical","Kaninchen"
27,6,1048.79077530594,15.5255595907073,2.56941357682447,7345.73673926829,"Typical","Alligator"
27,7,1033.73865388901,8.51389402352131,2.34273539058512,4511.53814609517,"Typical","Goldfisch"
27,8,1129.53745369066,31.7632949125679,4.55776963217671,22333.6257325587,"Typical","Falke"
27,11,3395.95098874496,1009.65299981436,178.237749935806,27924.7193403216,"Atypical","Schmetterling"
27,12,2317.58854887225,978.250837815844,427.459410824328,571611.662220019,"Atypical","Wal"
27,13,1081.67682691523,75.5521791767011,20.1963149413224,50264.5000000001,"Typical","Katze"
27,15,2354.48900664611,992.209658540951,299.438412974388,608731,"Typical","Pferd"
27,16,1162.38573314697,31.4196560102751,4.51898774263145,17459.7520133238,"Typical","Lachs"
27,17,2455.13821938537,1051.41009893983,253.631602952141,568608.556932147,"Typical","Hund"
27,18,2001.23324393793,760.773959477151,155.58459502344,462134.262440182,"Typical","Loewe"
27,19,1114.07746201853,35.2215175476026,2.73787002085137,17136.8186235806,"Atypical","Aal"
28,1,2577.65144225615,1026.94438520557,153.320675673122,565181.995032814,"Atypical","Schmetterling"
28,2,1091.09063747177,87.2370163165763,13.5005209884224,28423.9161741427,"Typical","Hund"
28,3,1124.66740530548,43.9800995393583,4.62064508880323,27459,"Typical","Loewe"
28,5,1042.47089375908,58.0552023488902,5.2349696914253,28182.3952309085,"Typical","Goldfisch"
28,7,1080.55050185307,71.010214443489,9.33501612898853,32505.9571951144,"Typical","Kaninchen"
28,8,2252.78828398375,665.237830375525,184.753333281905,240019.774655571,"Atypical","Seeloewe"
28,9,1171.04349226924,33.0595108919605,3.63662731904838,15078.7057402674,"Atypical","Aal"
28,10,1195.2559436884,97.9887436862754,11.3753364916041,58373.9337507859,"Typical","Hai"
28,12,1631.87320615795,540.805108869489,82.0692799417432,319674.536001344,"Typical","Pferd"
28,13,1070.13406829399,39.8100854204804,3.87134272887694,19885.7840763329,"Typical","Falke"
28,14,3528.01942288133,996.350385449194,141.230670976647,71793.1219343624,"Typical","Alligator"
28,15,1230.13839915062,67.7102628456551,5.01134112350012,34426.4910157326,"Typical","Katze"
28,17,1136.8691678596,69.5888984644258,8.69611279130482,37800.7697922962,"Atypical","Pinguin"
28,18,1177.6126198744,84.8514984314266,5.96436278595027,55235.6485587736,"Typical","Lachs"
28,19,1070.33478390033,83.7530148141597,6.40532917037636,64360.9941372969,"Typical","Chamaeleon"
29,2,1258.90838380812,259.70407861133,54.5015155956693,182714.573254648,"Typical","Chamaeleon"
29,3,1127.31251506816,93.6642415695541,17.2432104786539,25427.7672407219,"Typical","Alligator"
29,4,997.833332769,159.502205051631,38.2554123481867,79721.2657361208,"Atypical","Pinguin"
29,5,1020.53168345218,50.4803198773743,7.33018957037436,29353.0236705318,"Typical","Falke"
29,6,1021.55022360408,88.2706528890944,26.6658561950216,46355,"Typical","Hund"
29,7,1288.14427116952,380.920248885524,89.4334778784078,213161,"Typical","Pferd"
29,8,1198.26153432397,69.5459044246052,9.76151081561426,38110.2934367397,"Typical","Lachs"
29,9,1060.33483203422,97.0008880188545,18.9572084299702,48537.3994646788,"Typical","Loewe"
29,10,2673.3158035179,740.320997193489,102.629735532738,23361.3322476451,"Typical","Hai"
29,11,1022.64301506525,48.6847704601622,8.27244982160978,21707.965022352,"Typical","Katze"
29,13,2440.28649805767,850.675656189455,214.893501986594,244528.596364142,"Atypical","Schmetterling"
29,14,1063.93327714248,36.2720224878418,8.50622995203776,26492.8930725604,"Atypical","Seeloewe"
29,15,971.241853796917,34.6087498199867,5.66562552198841,14851.4531539031,"Typical","Kaninchen"
29,16,1132.25828189435,170.906020999915,35.8516547935608,81380.5955867189,"Typical","Goldfisch"
29,18,1032.5783592914,71.3451151896638,20.7946291182419,43497.4010758048,"Typical","Spatz"
29,19,1160.90123451554,277.386259859392,75.1047140107469,100875.5,"Atypical","Aal"
30,2,1084.54827530285,76.951085417209,13.7740299761639,32383.8904086562,"Atypical","Schmetterling"
30,3,1555.38059094239,373.078896989683,95.8960231158641,229888.054939837,"Typical","Spatz"
30,4,1162.99863914657,126.463730728194,25.4465075525256,82048,"Typical","Pferd"
30,5,1233.76136809341,63.4102131241468,12.5627375316395,51928.4137183796,"Typical","Alligator"
30,7,1030.00301484381,56.3607946096203,12.0757357144968,27948.5419584563,"Typical","Goldfisch"
30,8,2189.67748462515,895.33957814003,423.502753933924,462529,"Atypical","Fledermaus"
30,9,1024.72042689717,31.6047395678441,5.47997047010339,21142.3102192965,"Typical","Hund"
30,10,1004.87529913201,43.1942335963556,8.84085473516724,20654.5,"Typical","Falke"
30,11,2309.90737526884,959.602434226977,392.705823358956,340431,"Atypical","Wal"
30,12,1260.44382927015,191.777047177307,40.0496405916329,110959.5,"Typical","Kaninchen"
30,13,1094.98361008452,42.309615191644,11.5000643341837,19021.4976837133,"Typical","Lachs"
30,14,2045.14595701367,854.945920713133,221.356253141956,450947.856476109,"Atypical","Pinguin"
30,15,1993.61321431116,797.832743278971,129.524060357289,504927.5,"Typical","Loewe"
30,16,2111.0312634305,910.995521503235,412.382213204597,449394,"Atypical","Seeloewe"
30,17,1901.24427308943,728.025376124794,145.11805470296,418356.936239168,"Atypical","Aal"
30,18,1056.49219816984,58.7453385118785,10.6221025130151,31329.6890884118,"Typical","Katze"
30,19,1385.91395583097,144.460918662473,32.1020599947524,22180.0040622487,"Typical","Hai"
31,1,1052.44744939024,108.566442728987,13.9700595719612,69632.0000000002,"Typical","Klapperschlange"
31,2,997.60161513191,22.3184928530513,2.87054716749336,6340.30524648912,"Atypical","Fledermaus"
31,3,970.908666418652,40.0348192102501,5.89115125816483,15263.0711183834,"Atypical","Schmetterling"
31,4,1576.32405441756,196.291415347081,42.7339171671201,188628.102539424,"Atypical","Aal"
31,5,1130.17243507199,57.5570630234899,25.9219498560269,34543.5520118982,"Typical","Falke"
31,6,1049.83456134288,60.8674117637224,6.47863467875733,31445.5890124392,"Typical","Katze"
31,7,1041.528491449,59.001030531291,12.7510805686018,30160.7770577433,"Typical","Pferd"
31,8,1072.45829405549,79.0183705866769,44.2616986025838,45586.441618497,"Atypical","Pinguin"
31,9,978.323180503476,58.4184740949791,14.6402248643281,25560,"Typical","Loewe"
31,10,1071.82259923367,145.650990456088,32.2122796173953,104234,"Atypical","Seeloewe"
31,11,1700.15226478885,296.468374992026,33.8648035515293,269423.820162316,"Typical","Kaninchen"
31,12,1027.13424696407,64.4551134033259,17.4540087929165,40057.3864067439,"Typical","Chamaeleon"
31,13,1152.19738552345,58.1865942683302,8.52324959173852,27742.7919552266,"Typical","Spatz"
31,14,1417.24728038885,212.060887336259,37.9935409320602,196530.88524855,"Typical","Goldfisch"
31,15,973.729942545564,59.1363381861912,4.32326048960819,26638.7178287828,"Atypical","Wal"
31,16,1309.30297126656,72.3380960709939,5.62411855946352,50638.8603387575,"Typical","Alligator"
31,17,1018.85119602257,53.6824998734515,3.88134313085038,26516.9192086168,"Typical","Lachs"
31,18,1091.07392490556,25.5546048267753,5.43649630812672,11981.2805493685,"Typical","Hai"
31,19,1072.09331922806,91.3174580869934,15.0093874205695,62849.5653011736,"Typical","Hund"
32,1,1109.9960816083,106.430509257842,27.9071738381914,61373.5,"Typical","Katze"
32,2,1126.51313144939,55.7162404148841,7.16216733792296,31057.426524805,"Typical","Lachs"
32,3,1063.72404542485,32.8424931434793,3.00892988378378,19779.3347934113,"Typical","Kaninchen"
32,4,1178.70082715284,59.1085314046956,8.27225587620371,32868.4128259496,"Typical","Hai"
32,5,1062.33180463981,53.9589837657413,7.57885801039119,27423.8929573964,"Typical","Alligator"
32,6,2824.42208219637,750.725356037899,169.931603516973,127751.993578761,"Atypical","Fledermaus"
32,7,1188.19042196304,45.4487686478842,3.68618431392038,24107.8409337716,"Typical","Goldfisch"
32,8,1171.44953039187,35.8281559775612,5.81136295784028,17455.6447190947,"Typical","Hund"
32,9,1193.63778325714,39.2401667217399,5.82145145410096,31259.3867784591,"Atypical","Schmetterling"
32,10,3077.01613330583,1001.9426816866,456.236386879286,247648.891734216,"Atypical","Pinguin"
32,11,1920.82770944826,770.029461308054,142.264490594395,432295,"Typical","Loewe"
32,12,1114.12089224111,82.426872895368,25.0580793118244,32763.7095838318,"Atypical","Seeloewe"
32,13,1048.544565268,31.0513264574667,7.3940377629482,20674.2625016391,"Atypical","Wal"
32,15,1908.61923811872,711.737407307666,158.696024968797,398011.644299509,"Atypical","Aal"
32,16,1412.0188339861,72.6155586086037,27.4045696889928,21642.2694324549,"Typical","Chamaeleon"
32,17,1106.13239264737,10.6121207304114,1.7834224244436,4225.2236089622,"Typical","Falke"
32,18,1223.20556616173,79.8695087885586,9.71858610519432,48653.9217696662,"Typical","Pferd"
32,19,1166.97186860834,78.8353211495481,15.4150918726103,42789.5,"Typical","Spatz"
33,1,1309.4415465229,321.053250374684,66.6595692030072,207236,"Typical","Goldfisch"
33,2,989.689597435595,69.3552527336735,12.9473250797629,33599.4042390214,"Typical","Loewe"
33,3,1208.61314324416,50.7113516307444,8.51057107411796,19511.5,"Typical","Falke"
33,4,2373.86929814502,1020.69363726924,276.817009435025,425017.913146863,"Atypical","Schmetterling"
33,5,2507.6345289142,1055.5990938864,268.132285461801,540075.572978094,"Typical","Alligator"
33,6,1115.30945446538,198.222904951153,45.3896761343651,93471.5490720217,"Typical","Pferd"
33,7,1242.42536269086,64.0588329351953,4.40409859626915,37594.3558565267,"Typical","Chamaeleon"
33,8,1185.5949038718,186.499167372715,36.7353004787952,102584.429430317,"Typical","Lachs"
33,9,2192.15374518141,921.727163802878,289.325141324021,486242.198825529,"Atypical","Wal"
33,10,2441.80236375911,1039.5596694221,264.773768590394,588109.5,"Typical","Kaninchen"
33,11,1391.93237636884,367.770437055402,76.5713639480107,255219.5,"Atypical","Fledermaus"
33,12,5449.48126246589,1130.42560015499,653.796329470963,435383.544652662,"Typical","Klapperschlange"
33,13,1176.14598336882,113.454351986061,26.6641630236041,98588.3514572369,"Typical","Katze"
33,14,1208.71359851618,22.6494654733884,4.89409822368478,10572.7240035889,"Typical","Hund"
33,15,3800.3141686477,1074.15581491792,412.278104560949,-104760.603888434,"Atypical","Seeloewe"
33,16,4919.4449888292,991.947549207769,331.293109825089,273284.80288751,"Atypical","Pinguin"
33,17,1099.73192013776,61.8403609291207,9.00432277097632,37622.5,"Typical","Hai"
33,18,2421.52253392956,1014.73201676003,198.783076119164,627884.398531408,"Typical","Spatz"
33,19,1075.61551007062,51.5167836791323,7.82266060058215,21315.2925626452,"Atypical","Aal"
34,1,1267.48364296355,12.8377012190579,4.76497064744614,7042.96982309686,"Typical","Katze"
34,2,1094.81101286144,86.4235921681808,21.4265770093144,48488.6505597696,"Atypical","Aal"
34,3,5369.05596384032,1255.15921486596,149.546755886166,1007982.95501571,"Typical","Goldfisch"
34,4,1077.13447874232,54.3113565450702,14.6462878343633,32079.9999999999,"Typical","Loewe"
34,5,1056.73541324509,114.801601761473,25.8783471218376,39254.9550657334,"Typical","Klapperschlange"
34,6,1203.03856398989,72.583445369119,19.1956177221778,47508.011859549,"Typical","Pferd"
34,7,1079.91072042329,17.4836677231021,2.29689480060616,11592.2559159458,"Atypical","Pinguin"
34,8,961.956929032861,10.2523910373812,2.0209823262614,3659.4031024822,"Typical","Chamaeleon"
34,9,1160.7655854281,69.9482463824193,5.98381756451716,40328.2054708142,"Typical","Lachs"
34,10,1282.53024528945,218.311330346852,34.1588387830285,98105.5965209862,"Atypical","Fledermaus"
34,11,1400.0446139368,86.8333509867097,10.0000578953103,56049.6606488133,"Typical","Hund"
34,12,1192.94440393712,187.908613872849,33.0690484723534,99589.340904368,"Atypical","Seeloewe"
34,13,1142.51878265803,79.3155112325359,19.0310393697955,45213.9668788476,"Atypical","Schmetterling"
34,14,2845.57019095876,796.806956759772,205.764035863307,346997,"Atypical","Wal"
34,15,1034.65761618428,110.987489848676,11.3515632875531,69358.6175987346,"Typical","Spatz"
34,16,1332.14743867899,135.989061065164,12.1920334465338,44683.6827212836,"Typical","Hai"
34,17,946.884279802344,62.7355920876081,14.2067563330088,25016.2214934596,"Typical","Alligator"
34,18,1273.12894339122,294.45082315101,54.4520899514172,143214.31170418,"Typical","Falke"
34,19,1352.21830896888,234.158797416049,38.1599113545043,87324.9756732291,"Typical","Kaninchen"
35,1,1001.8358062153,45.8720667997764,10.9995992606202,22740.2171740285,"Typical","Lachs"
35,2,963.500104936808,52.2007009623034,12.2332815326217,31820.7956906676,"Typical","Kaninchen"
35,3,2498.94410693963,840.155935998841,294.651292608085,168568.112280149,"Atypical","Seeloewe"
35,4,1107.64076733423,153.086286714709,74.2107389424689,102540.527851157,"Typical","Hai"
35,5,1081.09515416165,87.6523556125783,18.5791851203379,57580.9021541553,"Typical","Hund"
35,6,1061.73115578137,143.284891302297,20.3069876144313,76802.1420964614,"Typical","Goldfisch"
35,7,1120.56163648479,103.260557761991,42.3895451323054,46448.5215430267,"Typical","Chamaeleon"
35,8,1116.18208259413,96.5933291240041,63.773549182289,66006.0681458899,"Atypical","Wal"
35,9,1136.98475903652,232.994115303991,56.9907751616403,84460.0743852843,"Atypical","Schmetterling"
35,10,1082.4906459127,71.0748505698838,11.2660063613794,31950.445406921,"Typical","Spatz"
35,11,1323.75515828583,92.3138340470154,21.0527123136515,55411.7793237328,"Typical","Falke"
35,12,1033.25070112746,37.0548169535279,21.2698977369139,21033.9,"Typical","Klapperschlange"
35,13,1212.62490112248,225.802793558506,37.6104824016931,97430.2889892403,"Atypical","Fledermaus"
35,14,1044.9281137101,31.3436933809896,10.9507046436144,13258.669058165,"Typical","Loewe"
35,15,1044.64529851312,41.408577990875,7.81557258776282,17629.4092952639,"Typical","Katze"
35,16,1158.91081529977,86.6271136584754,14.7089249843084,34685.124595036,"Typical","Alligator"
35,17,1016.17906029332,23.4628073964106,1.74675905379174,13934.3624220555,"Atypical","Pinguin"
35,18,988.583948822693,21.1298674998472,3.94753122501784,7199.18503475429,"Atypical","Aal"
35,19,1023.196554295,77.5015459234246,13.5943074325991,49403.1553128598,"Typical","Pferd"
36,1,2339.3700357918,943.919823231257,158.760578813115,336533.603690685,"Atypical","Pinguin"
36,2,2197.43947700769,940.945750171916,195.796542947689,325138.5,"Atypical","Wal"
36,3,2300.36228057378,915.001247247729,232.406898370959,456667.407705884,"Typical","Klapperschlange"
36,4,3367.35007327762,825.404130346576,177.225685607815,191947.394567364,"Typical","Pferd"
36,5,2290.94559893153,799.455188291859,218.463867119901,506923.070128141,"Typical","Hund"
36,7,2727.02358473709,897.97948768128,165.333118667961,398075.00212625,"Typical","Goldfisch"
36,10,1059.95822859914,75.3060005068656,11.6918248821759,38554.8949683305,"Typical","Alligator"
36,15,1015.91027927083,54.0975390405366,18.2728444687857,28592.620231823,"Typical","Kaninchen"
36,16,1087.0108245928,121.363954593501,20.6881344756534,57670.1914436174,"Atypical","Seeloewe"
36,18,1259.1633007321,172.732438088422,9.99503118174482,125078.434882651,"Typical","Loewe"
36,19,2114.37312786885,889.698699653879,393.375090447781,504123.199481865,"Atypical","Schmetterling"
37,1,1260.40623433392,138.22807558091,27.6834012775175,109941.5,"Typical","Loewe"
37,2,1206.98101086553,131.137227941233,17.2745676101317,81899.4310634851,"Typical","Alligator"
37,3,1862.35184928215,614.81203369644,142.550573883192,306362.171770711,"Typical","Hai"
37,4,1661.74718350708,347.120698995322,92.8852656156497,189689.368108196,"Atypical","Aal"
37,5,1077.56441686704,75.8966084796151,9.03127394292275,57695.813933544,"Typical","Kaninchen"
37,6,1107.66722292814,86.1659413076333,13.6679639386322,37908.1694292783,"Atypical","Wal"
37,7,1120.62044565896,115.595921698883,19.2379407136815,64153.5409282158,"Typical","Chamaeleon"
37,8,2570.65726605386,1088.15839887122,236.521086726277,733305.544790365,"Typical","Lachs"
37,9,1902.00757284234,768.001631277395,160.370574926076,418541.785462972,"Typical","Goldfisch"
37,10,1163.52011024527,17.4291807028324,3.20014186179939,9760.59932702497,"Typical","Pferd"
37,11,1807.45076920001,718.913040816878,160.38871115364,303207.5,"Atypical","Pinguin"
37,12,2064.46943984613,738.477692503204,141.157231633003,553801.369122348,"Typical","Hund"
37,13,1531.61222074554,343.813700885225,49.8486715797515,294380.122350229,"Atypical","Schmetterling"
37,14,1117.67530854057,99.8773420637463,8.93321595708655,63341.0000000002,"Typical","Falke"
37,15,2158.87888108808,851.177696998648,214.208550916303,617269.5,"Typical","Spatz"
37,16,1039.69261367993,70.9969781785955,22.5763407019162,47941.5194112873,"Atypical","Fledermaus"
37,17,1902.76565026347,583.920790000714,201.51610143819,467120.730084544,"Atypical","Seeloewe"
37,18,1489.02359571796,228.0872374992,44.2722790945461,207682.356104593,"Typical","Klapperschlange"
37,19,2168.16855791838,869.917011311691,201.856174153454,608015,"Typical","Katze"
38,1,955.099314936392,80.8719029153008,12.3616893024534,53189.8330509772,"Typical","Goldfisch"
38,2,1153.56711582296,112.813424087453,29.9010171858128,45561.6706939116,"Atypical","Aal"
38,3,1002.20662181721,18.5020046878239,4.15044304652288,8176.6033062546,"Typical","Spatz"
38,4,1037.6581738136,174.56788498576,29.7410698165623,118716.5,"Typical","Alligator"
38,5,1057.4888870663,152.67764534587,36.5451030365532,74594.3028398773,"Typical","Hai"
38,6,1146.81521313283,56.7775145184411,15.3401898895788,31278.2698383839,"Typical","Lachs"
38,7,1012.66177479125,65.4735732819947,12.1930322093429,31807.8948515618,"Typical","Hund"
38,10,1030.36037368926,80.3433834701312,12.5602740869665,40074.1171216363,"Typical","Kaninchen"
38,11,1041.51957683164,58.4890136997749,8.970872510481,30253.5840011407,"Typical","Pferd"
38,12,1002.38786421974,76.6098376806178,9.301904235415,34581,"Typical","Loewe"
38,13,1051.44091404571,36.357948708034,2.25621992886934,12829.4872311228,"Typical","Chamaeleon"
38,14,2718.36889139461,867.144838127981,341.03099587306,161022.218846019,"Atypical","Pinguin"
38,15,1179.03239709556,280.574751484179,45.5771347953397,171900.5,"Typical","Falke"
38,17,1834.20404319931,739.278974094589,166.779673334831,336559,"Atypical","Seeloewe"
38,18,1286.90992977662,304.089825589849,56.8021752980607,227055,"Atypical","Wal"
38,19,991.819381675892,94.3421158715319,17.1979269195415,34839.3243376811,"Typical","Katze"
39,1,1068.16047677748,61.5764112808538,5.69824130872165,25096.5572906364,"Atypical","Aal"
39,2,1073.31539552311,38.4773471776784,5.39941325116637,17126.374387584,"Typical","Pferd"
39,3,1071.18861202713,65.7761471369114,9.76492281753118,31605.9469967292,"Typical","Kaninchen"
39,4,1094.56244509075,59.0325031438691,14.6214942961827,29346.9150193988,"Typical","Goldfisch"
39,5,1140.35594651255,122.607381839832,7.82527714482867,85934.3494412269,"Typical","Hai"
39,6,1107.62848075324,86.9842188863021,10.3317710845095,40167.0520231213,"Typical","Lachs"
39,7,1697.97138053142,136.154705246408,33.9281751437954,24728.6896006873,"Atypical","Fledermaus"
39,8,1041.27530547649,95.9735774948689,9.9839292566493,67653.5,"Atypical","Wal"
39,9,1183.33528551815,235.927683903276,24.9213723380146,155564.5,"Typical","Falke"
39,10,1624.78054080241,314.094473598326,24.3464140994627,222368.662171955,"Atypical","Pinguin"
39,11,1180.96001927764,43.5601170453991,5.08777252577169,26465.3408430091,"Typical","Loewe"
39,12,3619.29602073377,878.478149203697,290.999949523259,170947.595081692,"Typical","Klapperschlange"
39,13,1197.52571405065,117.043322946528,20.465602310186,78328.2544953193,"Typical","Chamaeleon"
39,14,1168.8121123303,84.3020826642255,10.5622304144397,33471.5042516016,"Atypical","Schmetterling"
39,15,1179.6347187418,76.9148358971644,23.3782729607708,33743.6526732783,"Atypical","Seeloewe"
39,16,1267.86217137417,132.763735350668,24.2991081451499,73163.7383308467,"Typical","Katze"
39,17,1105.65379355419,75.4861136233371,10.0744769048712,45417.757134037,"Typical","Hund"
39,18,1591.47304064118,149.166367587623,15.3917353423215,148893.479765638,"Typical","Alligator"
39,19,1090.0394747714,25.8857440494079,2.5985202565148,16125.545469759,"Typical","Spatz"
40,1,3147.27766055121,851.546728826359,434.568238346393,105891.043944009,"Atypical","Wal"
40,3,1758.33179623822,504.518208300527,85.3557945821826,208142.5,"Typical","Klapperschlange"
40,4,1930.2657327991,630.785999642016,107.848831554608,270007.759708029,"Typical","Spatz"
40,5,1186.68839214077,320.054198845828,97.9915770905557,145562,"Typical","Loewe"
40,6,1239.60863576753,121.449115596282,29.6788695438004,37432.2415924139,"Typical","Chamaeleon"
40,7,1140.09922425572,264.707074984756,104.373083587421,127902.972504496,"Atypical","Aal"
40,8,2813.68460412983,804.734850775963,161.0612221419,49936.9999999999,"Typical","Hai"
40,9,1359.9198218982,310.760480886988,63.5565387316993,172957.222440712,"Typical","Pferd"
40,10,1355.57875764053,295.73773384903,76.1476434393082,150587.37316362,"Atypical","Schmetterling"
40,11,1026.35789263343,51.0338718750044,3.03763162862697,26448.333059905,"Typical","Alligator"
40,12,1147.22091456147,34.9981396826528,4.7751313111067,16895.0914262295,"Typical","Falke"
40,13,977.763275483806,93.5106362171526,27.6890874994237,41667.9999999999,"Atypical","Seeloewe"
40,14,1446.23896798002,217.858377413734,34.9306930652133,126013.5,"Typical","Goldfisch"
40,15,1080.99990052581,180.411797873762,40.9464869583134,127607.5,"Typical","Hund"
40,16,1074.0189420931,139.316914013572,22.2035437231046,46887.4161849711,"Atypical","Pinguin"
40,17,933.152469200862,51.2041708323073,18.7726447744176,26179.5905969816,"Typical","Kaninchen"
40,18,1003.37077032399,125.298313589773,26.4338600099754,67497.5000000001,"Typical","Katze"
40,19,1315.87234474994,418.769488630826,124.302544042901,202005.884967328,"Typical","Lachs"
41,1,1204.30830764876,92.8807882207582,20.0245895704148,58831.0679772498,"Typical","Falke"
41,2,957.394019839537,37.5181942235939,9.62010013324233,15289.4443597158,"Atypical","Aal"
41,3,1897.23015978208,359.386450985893,116.330084915136,53169.4041354369,"Typical","Chamaeleon"
41,4,985.895087844986,45.6213549053992,7.65104091130103,20518.1525657408,"Typical","Katze"
41,5,1078.39249982506,53.0188237799289,10.9882800323937,27842.6588281112,"Typical","Pferd"
41,6,1072.29649833718,74.814983549817,12.4018033981753,57179.5000000002,"Typical","Goldfisch"
41,7,1026.96488235725,156.922356069208,24.9036351151544,69495.4961142435,"Atypical","Seeloewe"
41,8,2023.89557181622,802.707823496404,156.331908289916,318231.5,"Typical","Loewe"
41,9,1132.59979304961,59.9677751884202,6.20759335441275,40670.1143610387,"Atypical","Schmetterling"
41,10,2286.68549491772,897.781774764908,193.765088228278,287612.65264456,"Atypical","Fledermaus"
41,11,2160.72816158276,760.74646550425,145.095656824014,219465.068074688,"Atypical","Wal"
41,12,2198.18395173128,924.869668623422,305.97082776678,479694.5,"Typical","Hai"
41,13,1136.92233502842,128.948843564988,20.304843648236,85929.6290523385,"Typical","Hund"
41,14,1044.34397189692,122.128387069577,44.3432695541424,42445.0000000001,"Atypical","Pinguin"
41,15,1072.51218942442,33.9727330696945,4.60390663167416,13786.4759674398,"Typical","Klapperschlange"
41,16,1191.85357205076,229.677613878298,82.0441025565514,107347.488994718,"Typical","Alligator"
41,17,947.658162795146,25.0948552606143,4.11155571274933,9524.45196103115,"Typical","Kaninchen"
41,18,1070.09185102833,25.2808807732279,3.63552136487836,13108.867591539,"Typical","Lachs"
41,19,1954.49934817433,691.126580723272,117.043624052333,359148.138053832,"Typical","Spatz"
42,2,1009.97308513094,89.9965719864302,20.0365871132004,48757.4890352212,"Typical","Kaninchen"
42,3,2335.59981819274,964.227661922333,290.381448741081,503947.152823614,"Atypical","Fledermaus"
42,4,1009.81246509367,55.4918452328345,10.0973209604938,25233.124038449,"Typical","Falke"
42,5,2086.8332335969,867.978136331974,353.550934668611,415062.5,"Atypical","Pinguin"
42,6,1166.44790994446,38.019781221299,7.7438558314916,20580.4396293794,"Atypical","Schmetterling"
42,7,1035.92356129883,30.2321569800059,3.35087004053096,14688.3382715432,"Typical","Chamaeleon"
42,8,2012.73836294515,834.471988221634,165.084859723355,416075,"Typical","Hai"
42,9,1149.28163589217,71.7128167970981,10.6180488878719,40790.2871391742,"Typical","Goldfisch"
42,10,1031.77479395339,59.3739771916266,11.5259414910409,30428.4910431178,"Typical","Katze"
42,11,2059.01829359548,649.592584406944,118.663599412966,391471.148540306,"Typical","Pferd"
42,12,1350.56664255765,377.59593703912,61.4813537390283,209224.766148936,"Typical","Lachs"
42,13,1741.50649468001,611.526637805956,75.074546753053,342833.107940827,"Atypical","Seeloewe"
42,14,1314.00854541386,294.727582178527,90.790051848453,166096.703046026,"Typical","Alligator"
42,15,2045.86992997988,855.51150191054,245.662794970464,374263.135677941,"Typical","Spatz"
42,16,1031.7031709392,98.0999854678472,16.2486591715852,53438.1138409581,"Typical","Hund"
42,17,1149.20845868537,75.2771379376783,9.46854611684738,43079.0773177622,"Typical","Loewe"
42,18,1083.24936972334,66.6218316538528,9.41049856228794,39147.6222873002,"Atypical","Aal"
42,19,2074.48010826682,872.333642515604,339.586975448205,481577.5,"Atypical","Wal"
43,1,1046.24787249824,145.32581093921,41.6403407573925,64918.5,"Typical","Hund"
43,2,1398.43473237969,386.225983809223,59.4697377608543,135225.545823547,"Typical","Katze"
43,3,1108.37306359457,104.142904251877,17.4154441280882,54404.1138409162,"Typical","Chamaeleon"
43,4,1032.7836401678,46.6183574515513,8.87372152858508,26999.270355682,"Atypical","Aal"
43,5,1778.59806195543,652.202346106917,270.496365704716,233593,"Atypical","Wal"
43,6,1037.51048051727,79.0085750976232,9.65884941949314,29279.3667036628,"Typical","Goldfisch"
43,7,992.00936485478,76.9388409272804,14.9783075147093,44876.0855789621,"Typical","Falke"
43,8,1115.85216627655,25.8658719869533,3.64642898377232,16337.7092004609,"Typical","Loewe"
43,9,1122.52550622411,21.2964330816905,4.19149657448543,7840.75894497646,"Typical","Spatz"
43,10,1013.95185450811,30.8737233166749,4.00461315437133,16547.0429431112,"Typical","Klapperschlange"
43,11,981.563952706532,12.6127054478345,1.11048330585648,5582.15752058285,"Typical","Hai"
43,12,990.273483956485,43.5760136289923,9.81699847186994,22040.205396811,"Atypical","Schmetterling"
43,13,1021.22896933655,29.9395961073226,1.38572627337028,15442.1892231113,"Atypical","Pinguin"
43,14,934.84738305128,8.99546674147416,1.54734815983016,4270.74288797757,"Typical","Alligator"
43,15,1033.16701608202,67.625972466369,13.1712163175849,31940.9165110394,"Typical","Pferd"
43,16,1013.63187154024,38.7557431893974,3.61014054566503,15690.233557036,"Atypical","Fledermaus"
43,17,1121.68490537279,96.9918027119612,22.24301596573,12196.8144214672,"Typical","Lachs"
43,18,1041.07926102453,31.0030466930101,10.2569388287777,19799.581903682,"Atypical","Seeloewe"
43,19,1030.21132642781,82.4751489056366,7.80423061648791,51828.8208819183,"Typical","Kaninchen"
44,1,1033.99964483066,113.820469549018,17.6624996645092,75396.5,"Typical","Falke"
44,2,1271.87603679194,178.733221734066,32.1706089717826,126503.92997555,"Typical","Pferd"
44,3,1191.88765293101,171.004428995053,22.9491387607801,73736.5058942855,"Typical","Kaninchen"
44,4,1321.83267249198,274.442639133605,91.0516846712764,225542,"Typical","Spatz"
44,5,1184.3515077774,253.686817335687,58.6630802078499,154441.365089949,"Typical","Loewe"
44,7,1111.4116191554,64.7742537719369,16.4981272150335,30671.4816523641,"Typical","Goldfisch"
44,9,1049.77236313929,65.4932455524361,13.1846048127861,29569.4538263093,"Typical","Katze"
44,10,1164.69764445643,145.369138154268,51.0254976680938,85861.1823697399,"Typical","Chamaeleon"
44,11,1005.51874786145,23.7651746545832,3.79986274931802,11169.6839854148,"Typical","Hund"
44,12,1405.63541334332,165.520581753563,27.6802383121546,156687,"Typical","Alligator"
44,13,1085.41566730807,155.613302429996,22.0813382072093,109979.5,"Atypical","Schmetterling"
44,15,1254.67671812876,54.4709003747705,22.1130479171644,40463.4667373713,"Atypical","Seeloewe"
44,16,1265.68518243341,207.583076557846,38.9743414633278,113923.517531257,"Atypical","Fledermaus"
44,17,1130.10358330754,53.2469182678586,7.82124143219817,26441.5701490107,"Typical","Klapperschlange"
44,18,1142.55306030664,73.3481485216524,6.27067980930815,17259.2259598058,"Atypical","Aal"
44,19,1123.66379637621,55.2742503864002,12.2910896435184,35984.9547665451,"Typical","Lachs"
45,1,1055.49162100506,27.7033421548077,2.75750987898772,13015.8822743514,"Typical","Pferd"
45,2,1123.98029251793,84.5419648620313,6.51216826510635,50594,"Typical","Hai"
45,3,1127.35388161258,70.2325150467871,5.26107724609713,30985.6448657826,"Typical","Chamaeleon"
45,4,1105.62891608876,63.6332891186196,4.61212422159353,32249.2136234192,"Typical","Falke"
45,5,1096.67606270991,64.1770213228646,8.72103117717042,29913.0964644078,"Typical","Hund"
45,6,1272.57335707321,35.012598929443,6.03770267092812,20091.4599651259,"Typical","Alligator"
45,7,1098.01137193369,10.6672181178294,1.19696413525065,5362.34845206036,"Typical","Loewe"
45,8,1080.34472533951,47.0415815976272,7.4415879101427,31860.4075570993,"Atypical","Wal"
45,9,1063.67435032435,8.21428943063276,0.939603192446463,4656.41989583073,"Typical","Lachs"
45,10,1182.08183054438,82.4249756669728,8.48747934395142,43636.5489989587,"Atypical","Aal"
45,11,1203.70985372738,90.2687780101333,8.55112266079625,58185.9982214647,"Atypical","Fledermaus"
45,12,1090.81305864526,72.0659728368741,6.82408743739544,35781.1614807537,"Typical","Goldfisch"
45,13,1111.02329693791,16.0510344225356,2.3781513702928,9925.87181458943,"Typical","Klapperschlange"
45,14,1162.94873684422,61.3703658537589,5.64035297472574,39943.583282195,"Atypical","Seeloewe"
45,15,1127.34606585267,61.0517827831053,5.73570976097376,38316.6736144796,"Atypical","Schmetterling"
45,16,1031.67680164502,66.9518101047962,10.2701482210863,41000.0000000001,"Typical","Spatz"
45,17,1117.42020386107,43.1635831119994,8.59722515077846,37408.8410262452,"Typical","Kaninchen"
45,18,1143.55973999018,30.3536953047039,2.85229361281155,19888.0000000001,"Atypical","Pinguin"
45,19,1124.00235647061,60.1441245987455,10.7059739664401,28829.6506835301,"Typical","Katze"
46,1,1078.98884123354,76.2978633425206,6.62703142132507,26624.4476438276,"Typical","Katze"
46,2,1097.49355550113,57.7169715801942,3.69088325558762,29841.4125834128,"Typical","Falke"
46,3,1165.14837331964,100.221030511247,24.3519368465166,34826.9996248484,"Typical","Hai"
46,5,1076.166188284,73.3211233806903,12.0149329499248,45302.4485790006,"Atypical","Aal"
46,6,1005.60800407639,16.006373345166,2.0628079599883,8453.88659230205,"Typical","Lachs"
46,7,1009.24548776175,23.2390191012185,5.90632283774725,12757,"Typical","Hund"
46,8,5007.31256426916,1001.35965976955,290.971757316221,471155.026536693,"Atypical","Pinguin"
46,9,1173.93670438,123.402023697937,24.9987990054662,44862.0292255919,"Typical","Spatz"
46,11,1034.69004172151,68.3235127256601,8.37543459495839,36658.3269808278,"Typical","Alligator"
46,12,1107.4847973552,100.284529401113,9.07149816339296,68049.5000000001,"Typical","Chamaeleon"
46,13,1137.15740154524,43.806160693239,13.9217256580053,25741.1450929716,"Typical","Kaninchen"
46,14,1157.25419135909,71.6527750843503,10.8727403600206,36842.6089466347,"Typical","Pferd"
46,15,1223.48163380414,103.515370094399,14.2020549823171,80482.1350818562,"Atypical","Schmetterling"
46,17,2173.57516287805,911.370053773668,375.681759179263,455578.690822896,"Atypical","Seeloewe"
46,18,2532.33495828782,1034.01802829895,246.677606852906,325252.390305562,"Typical","Loewe"
46,19,1145.38290344017,74.8741153274325,6.2384796243613,48056.1797722858,"Typical","Goldfisch"
47,1,1108.26267120231,133.312992260715,25.8002283714712,77038.8085132677,"Typical","Kaninchen"
47,2,1275.62059536773,318.807486903541,83.9107750388387,179825.083008442,"Typical","Loewe"
47,3,1179.17560454623,195.627063529586,26.6367455630999,133045.926798077,"Typical","Spatz"
47,4,1136.77504741837,141.058728959736,18.7177382740672,88044.4999999999,"Typical","Goldfisch"
47,5,1246.08409252572,272.823285018955,70.514670628783,136008.559570418,"Typical","Lachs"
47,6,1267.9403587635,278.479681540386,52.7933734084547,148658.582568807,"Typical","Falke"
47,7,973.104830439219,56.8843497917014,5.63243186425396,32366.8068579426,"Atypical","Fledermaus"
47,8,1334.09491049965,322.932713140356,70.6296774471979,169395.45406889,"Atypical","Wal"
47,9,1753.90931450972,613.859961208623,123.102023487037,302781.206860707,"Atypical","Pinguin"
47,10,1542.8920104937,510.298952554059,131.793946641773,277327,"Typical","Chamaeleon"
47,11,1167.10013727452,53.439070376342,27.0424210687968,38075.7031963998,"Atypical","Aal"
47,12,1113.46174109648,115.375418442393,32.1290535173253,74392.9999999998,"Typical","Pferd"
47,13,1149.54170440201,192.400331225363,59.4725579329339,119220.73835852,"Atypical","Seeloewe"
47,14,1185.5135481538,216.434411113872,80.337193770916,112990.104307888,"Atypical","Schmetterling"
47,15,1161.40419781671,252.311417637109,105.172648047893,152504,"Typical","Hai"
47,16,1048.53159079636,48.6701696943118,15.0649972105508,24901.9032211399,"Typical","Alligator"
47,17,1084.8411617719,73.5446482720432,33.524400122365,34286.9617321397,"Typical","Klapperschlange"
47,18,1279.15317339766,136.066423066966,28.4741157796905,108101.439826267,"Typical","Hund"
47,19,1045.67289673835,55.286307893456,16.0379026589303,40877.4999999998,"Typical","Katze"
48,2,1473.74868183394,432.023423800052,112.4732222657,235936.465886714,"Atypical","Pinguin"
48,3,1103.67085042073,109.964079053287,14.7977619909384,66547.0075333977,"Typical","Spatz"
48,4,1058.26659758974,101.269696477956,13.0050505632099,59451.0748632229,"Typical","Goldfisch"
48,5,1228.98348336166,69.4876809927558,14.1144951024286,40554.0065129544,"Atypical","Seeloewe"
48,6,1049.82703732226,61.331844257701,5.10352301109147,23368.196783356,"Typical","Alligator"
48,7,1108.84985194387,72.5160874383647,11.037545501845,45681.0000000001,"Typical","Katze"
48,8,1147.56006810529,125.347971359768,14.5243804574427,76779.5,"Typical","Hund"
48,9,2219.01610287262,924.266891077792,215.105027821175,517678.5,"Atypical","Schmetterling"
48,10,1129.4460156386,143.581750947282,27.1258586413441,95356.9999999999,"Typical","Klapperschlange"
48,11,1301.33958650303,274.72488740281,42.1019050188647,152802.912550648,"Typical","Hai"
48,12,1251.00085075892,161.686345130698,26.559784773904,90170.231626964,"Atypical","Wal"
48,14,1112.0266566096,171.79399213498,42.7327376324177,73571.7493464081,"Typical","Falke"
48,15,1940.67170431324,763.217823651535,209.117627206724,470114.5,"Typical","Lachs"
48,16,1150.94913936356,46.9640460525032,8.52332201741098,34719.0000000001,"Typical","Kaninchen"
48,17,1043.22755032282,63.2520812683611,17.7350339670851,35136.4207112245,"Typical","Pferd"
48,18,1142.77709175322,82.1038702872276,13.1774509517829,52842.2522120366,"Typical","Loewe"
48,19,1098.42201469605,136.016670632685,29.7984452184278,57856.8490773347,"Typical","Chamaeleon"
49,1,1065.40613556346,72.9806927481223,17.0979240227418,23516.4379722242,"Typical","Katze"
49,2,2663.75901765588,945.970444777676,159.790444629258,475305.261916296,"Typical","Klapperschlange"
49,3,3538.01966512069,1019.42372312075,343.055057772194,90578.8226148578,"Typical","Chamaeleon"
49,6,3705.07003202729,1025.53827091596,217.71107222883,-520.288204024205,"Atypical","Pinguin"
49,7,1534.82366323098,390.907223070325,77.1075937687929,334098.313816933,"Typical","Lachs"
49,9,1441.88580476864,387.29931148346,87.5600844469024,303548.5,"Atypical","Seeloewe"
49,10,1181.04405633432,112.151073138692,15.159972928201,80824.4139971646,"Typical","Falke"
49,11,1074.88400321674,154.087128875397,21.7628900035174,97255.9999999999,"Atypical","Aal"
49,12,1061.53777896251,72.9730979108613,8.32906310345049,36227.3456107798,"Typical","Pferd"
49,13,1086.03271072621,49.4867572549943,11.4427907724687,27658.1275019306,"Typical","Kaninchen"
49,14,1091.42790109175,70.5745417903718,12.0217492427632,32832.6606218464,"Typical","Goldfisch"
49,15,1301.84090163959,284.175313904812,45.9212189952338,145323.5,"Atypical","Schmetterling"
49,18,2467.26289115646,940.652600081804,201.901094646769,199977,"Typical","Loewe"
49,19,1289.63604691879,204.789625353754,42.3496109044826,152083.953262655,"Typical","Hund"
50,1,1020.71879452316,28.1022087089049,12.5655086038252,15050.5,"Typical","Hund"
50,2,2834.84907172374,947.239292219847,443.527539448479,99821.4321180851,"Atypical","Pinguin"
50,3,3663.31831884847,931.606236161139,174.289195961115,102511.784622282,"Atypical","Aal"
50,4,1276.45259572799,298.833301173573,63.0669368576095,222163.5,"Typical","Loewe"
50,5,1289.63518254727,281.069551834542,54.5620865375017,180716.697422875,"Atypical","Schmetterling"
50,6,1293.96566994345,267.140201065095,57.6480027527897,162970.876837686,"Typical","Katze"
50,7,1088.01985749401,144.541801792299,55.1834979477434,94385.9999999999,"Typical","Alligator"
50,8,1031.33931582089,49.1742865244425,22.0435725758294,22340.4125901838,"Typical","Klapperschlange"
50,9,1186.74477624562,19.0195967384889,6.0386694257168,10806.6161173528,"Typical","Pferd"
50,10,2241.01352007833,951.134900522619,416.256979106886,375030.5,"Atypical","Seeloewe"
50,11,1049.69169799588,67.8459497909645,27.4603842345635,34182.847724407,"Typical","Hai"
50,12,1192.66455537364,247.484414655436,45.054163695599,138075.5,"Typical","Falke"
50,13,1253.05611062403,240.242922939456,67.1036743911345,179593,"Typical","Spatz"
50,14,1323.55520651878,239.675855018124,71.117004157513,196262,"Typical","Lachs"
50,15,2091.33786972238,875.356934005482,57.8378896294355,453072.382533652,"Atypical","Wal"
50,16,2106.00841540686,371.3196766347,153.038892867951,134620.506203119,"Atypical","Fledermaus"
50,17,1187.65557884506,181.802821264368,65.3410840434776,126572.047922155,"Typical","Goldfisch"
50,18,1632.36362939788,388.138328219503,109.90520923543,364017.5,"Typical","Kaninchen"
50,19,1213.84688959129,147.716061304623,40.9154632639598,51358.5,"Typical","Chamaeleon"
51,1,1193.3599567783,54.0042953618114,5.22669720182692,30502.4884778654,"Typical","Katze"
51,2,1168.63576419807,94.4362081896379,24.6592258924767,28742.3172941848,"Typical","Hai"
51,3,1127.38365118333,49.314394715346,4.49851290511475,28079.9664430426,"Atypical","Seeloewe"
51,4,1900.81495209032,534.663628587387,67.3884740891121,80002.7069386496,"Atypical","Wal"
51,5,1387.35568316101,166.115489484016,23.0772932903487,81257.3888695813,"Typical","Alligator"
51,6,1049.65938248723,65.6274549107896,11.6997283500503,28874.9978536308,"Atypical","Fledermaus"
51,7,3291.42852244846,920.421701563559,304.195577941834,19024.0989974037,"Typical","Klapperschlange"
51,8,1039.06724572698,58.5665856340081,18.6524433531591,27282.8003215319,"Atypical","Pinguin"
51,9,1411.77384092118,110.897879536494,19.0457011346651,55823.0466838659,"Typical","Kaninchen"
51,10,1078.18516330454,82.4780464919861,10.9880420696704,44540.9219604544,"Typical","Hund"
51,11,1342.60243498335,305.502709001685,40.5206263585067,178574.078017864,"Typical","Spatz"
51,12,1129.05733350446,69.7057756589445,9.67768954600574,43494.5569820829,"Typical","Chamaeleon"
51,13,1017.34299659201,33.5854316335681,5.01996707009416,18626.1750402821,"Typical","Goldfisch"
51,14,1377.2801997661,405.562314108949,76.221185054692,225471.016964455,"Atypical","Aal"
51,15,979.968571851901,16.6144345982672,3.14990920764805,7141.66761104788,"Atypical","Schmetterling"
51,16,1062.25148421737,28.0374164004249,4.79675056588446,13820.6860363729,"Typical","Loewe"
51,17,1198.44599868943,205.618891799161,25.8731064481521,119836.564330626,"Typical","Falke"
51,18,1021.6002443956,57.2782984341402,7.56132628529976,33275.8771301574,"Typical","Pferd"
51,19,1204.90337295953,35.9535440761655,5.26822008734099,21634.0018299319,"Typical","Lachs"
52,1,1254.09256874806,306.319063840777,51.1260484532503,156042.710348793,"Typical","Hund"
52,3,1066.06644006365,81.5316969277102,13.5152520660604,57005.2826405868,"Typical","Kaninchen"
52,4,1086.78869235017,20.2901974298733,3.96804825145994,9676.43559480349,"Atypical","Schmetterling"
52,5,1319.06828390105,298.369053958847,47.5180614937951,152329.953465643,"Typical","Falke"
52,6,1187.97534075549,79.3993968086795,15.0254358375078,60316.9999999998,"Typical","Spatz"
52,7,1143.7952768308,89.4258430626194,13.6026516134853,39294.5634650789,"Typical","Klapperschlange"
52,8,1029.33518270497,21.3673143088611,4.72710894208254,7149.80727824249,"Typical","Loewe"
52,9,2582.48415699942,119.821267477026,22.1097603489429,51504.3776183013,"Typical","Katze"
52,10,1157.99581161368,93.8088718952524,19.4656268462822,56999.2897261104,"Typical","Goldfisch"
52,11,1297.92070300658,57.7418315743905,9.96845284058275,23882.4561893293,"Typical","Lachs"
52,12,1124.51778194932,97.4536218089376,15.3715032728873,59946.4678963466,"Typical","Chamaeleon"
52,13,1115.20174563493,105.805203251091,16.8006964547279,71758.5377239607,"Atypical","Seeloewe"
52,14,1022.7916470849,10.1173139036915,2.02439129387451,5094.13467656518,"Typical","Pferd"
52,15,1205.62786298422,35.9794816360332,6.22234838157468,19120.3029353719,"Typical","Alligator"
52,16,1126.19997419999,101.585295191628,19.9940732326092,70500.6074688797,"Atypical","Wal"
52,17,1118.23351790987,96.662076594796,17.1525463103565,49184.4966920307,"Atypical","Aal"
52,18,1424.0579766842,212.271420253055,33.5233600915254,110396.516743546,"Atypical","Pinguin"
52,19,1109.04218758256,47.6502876526743,10.8310415410776,38256.5155971288,"Atypical","Fledermaus"
53,1,1203.59657786723,26.4953204978036,3.69975438571379,16116.6105175272,"Typical","Hund"
53,2,983.256360848127,73.7852072125376,16.8550929885468,26840.4469152935,"Atypical","Schmetterling"
53,3,1585.15834770275,524.766679792136,79.352854986614,288072.973315694,"Typical","Kaninchen"
53,4,2156.77241973341,910.860607898233,452.591428544619,423987.5,"Atypical","Wal"
53,5,1188.6886149033,110.729507851853,20.5146760873551,81975.9576925252,"Typical","Loewe"
53,6,1044.44049683392,49.6755912072376,9.38696033270918,17489.6942164968,"Typical","Alligator"
53,7,1103.36939903936,53.4921815820093,13.7695490884212,23870.1320346607,"Atypical","Seeloewe"
53,8,1964.45881684631,600.139964322379,200.245506866753,198319.496703249,"Atypical","Fledermaus"
53,9,1661.90162247713,350.338680119907,127.035014874002,228607.38436341,"Typical","Spatz"
53,10,1151.75349447197,150.459245237576,27.0521847245192,61193.9251058044,"Typical","Klapperschlange"
53,11,1052.68262820868,49.2383472325259,7.86729049867251,28367.8613858871,"Typical","Katze"
53,12,886.84846739908,58.3904333201116,4.72503374970866,22672.0884106543,"Typical","Falke"
53,13,918.828973659615,34.923069445315,7.63391525356827,13916.8820319659,"Typical","Chamaeleon"
53,14,1127.46300058628,39.8675048565323,5.66821322474892,21641.6261370318,"Typical","Pferd"
53,15,1014.23202458532,54.6958698695988,7.64123638858638,26344.1851073554,"Typical","Lachs"
53,16,944.215939130543,60.6633478995017,16.974331417899,19189.856538115,"Atypical","Pinguin"
53,17,1032.38760322086,31.305478717487,4.67610491387547,20391.4935402746,"Typical","Goldfisch"
53,18,1183.86679132206,130.904071590382,42.2632954874556,59284.7159571126,"Typical","Hai"
53,19,983.756192254426,134.612974580298,42.2689603200857,51165.541400291,"Atypical","Aal"
54,2,1119.43872985424,82.0325927000408,22.8272775772677,27517.2961058765,"Typical","Hai"
54,3,1656.56524598023,386.31621587703,112.571649743874,204219.2328861,"Typical","Falke"
54,4,1225.58343117845,167.668190903721,49.8673334049929,76117.4727072159,"Atypical","Aal"
54,5,1281.67568949907,178.980892135518,41.7091863656133,65557.5,"Typical","Kaninchen"
54,6,1161.28937446812,43.236924525403,11.2675400417487,24159.450899255,"Typical","Loewe"
54,7,1282.88055528227,274.415311998814,40.9219343168475,145067.589996304,"Typical","Chamaeleon"
54,9,1308.92351554588,267.952328336856,87.6995996518143,164694.184132997,"Typical","Spatz"
54,10,2274.74234786938,794.744098766734,77.8805268323085,308199.478320941,"Typical","Pferd"
54,11,2635.79581662196,1013.29313988894,303.004547101495,569669.768195344,"Atypical","Schmetterling"
54,12,2748.08265333257,1060.4832668637,283.426919105503,505665.298922153,"Typical","Hund"
54,13,1866.67360273275,636.872806142216,130.919655876847,200702.062293545,"Typical","Lachs"
54,14,1502.89518998732,318.030383363395,72.3694567266554,199217.816494845,"Atypical","Seeloewe"
54,15,1173.96493174174,94.3651342537506,29.7313989764685,53475.5700365408,"Typical","Goldfisch"
54,16,1230.65093696779,199.450348420449,64.0272447021312,117312.606179239,"Typical","Alligator"
54,17,1063.59399976318,44.0987130330099,6.80393738403034,22418.3019299805,"Typical","Klapperschlange"
54,18,1281.88910395226,147.524786868154,20.0210274547484,65127.2936206211,"Typical","Katze"
54,19,1307.64811648466,144.774546088864,44.2670940346149,68496.8252911901,"Atypical","Pinguin"
55,2,1212.18884053214,119.403633216418,30.2768255031376,72057.1685271077,"Typical","Kaninchen"
55,3,2697.83840804171,486.947017466449,151.096155460462,47657.5732403591,"Atypical","Fledermaus"
55,4,1912.8037811712,658.107301563095,176.424156950317,425954.689589378,"Typical","Spatz"
55,5,2217.02980120364,884.530351799917,221.923806951187,560439.368080969,"Typical","Lachs"
55,6,1171.32323890657,61.0257795358881,18.6783796631215,32312.9341859634,"Typical","Goldfisch"
55,7,1111.69918568869,89.8605599272227,22.596390137001,42262.6492752337,"Typical","Falke"
55,8,1170.06526466048,87.8747052244534,24.1720577698698,20383.2103136442,"Atypical","Seeloewe"
55,9,2100.58478655504,787.13547059478,146.969500264264,410242,"Typical","Alligator"
55,10,1151.08856969969,69.0819357148982,21.7016972577339,49241.4999999999,"Typical","Hund"
55,11,1139.97016272128,164.323648993368,41.7222145715808,63035.6376571145,"Typical","Pferd"
55,12,1226.20230286735,206.941576734672,39.777518388113,100742.572969907,"Atypical","Aal"
55,13,1159.53453638988,44.0878705058172,16.7458897120357,30355.8883665102,"Atypical","Schmetterling"
55,14,1184.76777012343,48.9254729249266,21.7082441225961,24470.3219163992,"Atypical","Wal"
55,15,1114.44293322489,108.993923531725,38.5510390299571,68812.6021739822,"Typical","Katze"
55,16,2413.7245582497,1024.67999573866,357.915285949894,511312.299462689,"Atypical","Pinguin"
55,17,1104.94166377701,98.4569645389885,38.1697244507006,71256.3830342578,"Typical","Loewe"
55,18,2263.76108334936,898.580831716755,196.962373063503,470234,"Typical","Chamaeleon"
56,1,1008.8018344972,70.9471414856866,11.8054850602888,25207.4040462941,"Typical","Goldfisch"
56,2,1058.06071807332,118.401963581078,19.5811782650316,53030.972280419,"Typical","Kaninchen"
56,3,2432.77499702661,902.689249343655,275.525249148318,286375.754837428,"Atypical","Seeloewe"
56,4,965.86157056286,47.6377175880429,6.36197506250066,22429.6300906606,"Typical","Chamaeleon"
56,5,1179.0621346505,159.338185953046,16.5654973492292,111111.559912524,"Atypical","Fledermaus"
56,6,1620.85664690006,546.0483435079,228.506531884225,348264,"Typical","Hai"
56,7,1211.88322401863,213.410014828098,32.1002324918458,142396.465672821,"Typical","Katze"
56,8,1081.07252531347,52.17563902985,6.39177853520286,27802.3875914402,"Typical","Lachs"
56,9,1393.85253593821,390.610342899115,59.1006372683674,228551.799703693,"Typical","Falke"
56,10,1247.94310707084,47.8292548378404,3.93652880377288,23833.303241356,"Typical","Hund"
56,11,1192.58289581196,61.907191889587,15.7087931763165,31207.5131548976,"Typical","Klapperschlange"
56,12,1072.76990848703,55.0851758999576,6.82713396763333,25648.8529150922,"Typical","Alligator"
56,13,1153.48556103464,60.7223703414638,10.0119035753073,29843.5000000001,"Atypical","Schmetterling"
56,14,2557.61420484571,900.611904444487,221.162746816948,144554.323143668,"Atypical","Wal"
56,15,1081.89376615999,103.006176291639,24.2937649986063,75249.4377398373,"Atypical","Aal"
56,16,1380.26322579427,92.0450343316594,15.5575745827139,48959.2954561055,"Typical","Pferd"
56,17,1190.18836869111,85.8971875929499,18.3137129957099,49673.5435171689,"Typical","Loewe"
56,18,1057.92724925979,86.1177566264459,10.6940465858755,54310.6352775395,"Typical","Spatz"
56,19,2277.38203530039,948.739998440361,229.348335138833,463346.482731441,"Atypical","Pinguin"
57,1,1056.78661844476,73.5014917526605,13.2900120460573,39398.4033104697,"Typical","Falke"
57,2,2125.44562894324,881.710417776635,261.266480797579,445639,"Typical","Pferd"
57,4,1318.91134895531,357.540579741531,71.547048852638,178248.795282469,"Typical","Goldfisch"
57,6,1044.39010519351,40.872280967647,4.04425851188678,19476.9919564192,"Atypical","Pinguin"
57,7,973.192149581314,34.1228670348526,6.14444826043419,16369.9898568546,"Typical","Loewe"
57,8,967.221800889168,61.1527298038015,5.227930061367,35557.1852742031,"Atypical","Aal"
57,9,1762.49535996971,588.110367402046,201.22955182004,168258,"Atypical","Wal"
57,10,1257.75522593616,48.7868837852077,4.22564096324614,34502.4411862222,"Atypical","Schmetterling"
57,11,985.197193872528,11.0989355650127,1.50382722920083,4753.5553578703,"Typical","Hund"
57,12,1106.43720376435,72.8060467002257,9.64838000856476,45305.422033796,"Typical","Spatz"
57,13,1088.70315761759,61.8316607614361,9.43969198105585,35069.9124711316,"Typical","Klapperschlange"
57,14,990.998344134125,23.0094731813556,7.89277575692373,13539.4999999999,"Atypical","Seeloewe"
57,15,1045.65906619597,34.4052238944302,6.18869831995853,16163.4021128192,"Typical","Lachs"
57,16,961.042427383866,30.5024998874637,5.08158405055379,17537,"Typical","Katze"
57,17,993.076731371181,19.5243745766015,2.22201534129132,8953.12221467088,"Typical","Kaninchen"
57,18,1830.83930906331,695.821320186854,173.781610590725,359822.5,"Typical","Chamaeleon"
57,19,1060.15180829904,45.699843606323,9.84683274553005,24564.7809170358,"Typical","Hai"
58,1,1183.90687312213,173.146835174751,23.4281392703171,113671.609509493,"Typical","Falke"
58,2,1114.71504109212,206.604517349393,19.1985629627736,103168.288880579,"Typical","Klapperschlange"
58,3,1016.44607435596,127.139527458005,21.8657953045445,66624.6922017559,"Typical","Loewe"
58,4,1997.86551191958,777.634581842332,184.244957569813,478008.5,"Typical","Pferd"
58,5,1394.15576339388,352.212227642032,69.1479498057305,156770.471535214,"Atypical","Aal"
58,6,1272.55590226022,287.995318329406,30.0277294972664,198150,"Atypical","Schmetterling"
58,7,1132.70301674629,79.0456797199049,16.3246135508021,45529.7985402088,"Typical","Kaninchen"
58,8,1132.71212523649,106.440163952465,21.8777290735672,63896.1134577694,"Typical","Spatz"
58,9,1432.31287156963,196.008314971196,44.4480764623751,118593.333366653,"Typical","Hund"
58,10,1504.54245582874,338.962100910932,48.3724419960241,275310.875135788,"Typical","Goldfisch"
58,11,1510.94721374808,240.21339435822,60.3721950521618,112996.679981496,"Atypical","Fledermaus"
58,12,1163.58500944545,96.7905142273169,7.74436009371488,62537.1634328259,"Typical","Hai"
58,13,1271.70733875831,149.10847642208,25.889048550487,67451.9395268962,"Typical","Lachs"
58,14,2422.74917623543,515.632145433522,149.227747270864,128811.385100532,"Atypical","Pinguin"
58,15,2073.58960553757,612.697447739925,108.827471156311,198364.295274531,"Typical","Chamaeleon"
58,16,1375.96194721917,80.0595557215507,27.6741651757812,55413.8140805311,"Typical","Katze"
58,17,1472.76336994918,344.965827390645,98.1269551812337,203228.5,"Atypical","Wal"
58,18,1497.26881969951,313.627774248639,16.9177041652851,156528.222590418,"Typical","Alligator"
58,19,1400.31889720071,99.7295729069805,19.0796472664068,64850.993719686,"Atypical","Seeloewe"
59,1,2042.06195753296,866.37537832774,168.881654642976,404807.5,"Typical","Loewe"
59,2,1150.89176699587,30.7307992488303,3.60730754040827,16710.4853932584,"Typical","Hai"
59,3,1050.29391720247,25.284606329655,8.29026429708138,11850.0615893125,"Atypical","Schmetterling"
59,4,961.707958079859,93.9309796606253,30.7620216959743,50636.0890094453,"Typical","Alligator"
59,5,1161.52400880358,57.3170755676882,22.3221597422074,31121.5994028502,"Atypical","Wal"
59,6,979.164381531188,21.8931050226141,2.96090917130671,11215.929349545,"Typical","Spatz"
59,7,1237.73983521148,246.701301083476,50.7289190556506,138323.549569666,"Typical","Chamaeleon"
59,8,1220.93495567433,26.3558622824335,9.51096745199429,16012.7333193732,"Typical","Kaninchen"
59,9,1080.83285594938,58.1901196932027,9.9559744429224,39368.9831358573,"Typical","Falke"
59,10,1146.52849559245,92.8598161959422,26.1201779209086,37040.4534763505,"Typical","Goldfisch"
59,11,1382.76359186502,312.393311059689,104.233968923168,167498.622981781,"Typical","Lachs"
59,12,1122.1676732949,80.4941584608984,28.6762783376188,52741.1095280227,"Atypical","Seeloewe"
59,13,1023.56011769179,59.1332242949102,19.0723614876338,35811.1038709284,"Typical","Pferd"
59,15,1182.19991186446,235.915738356385,38.4395591717288,165976,"Typical","Katze"
59,16,1057.67962492684,44.5862618459752,14.0090387657273,20411.4739427258,"Typical","Hund"
59,17,1230.57164718223,154.961642034448,67.5922864692057,102165.734927101,"Atypical","Aal"
59,18,1022.64166990607,33.4111818317946,7.5916499733812,19289.4911949172,"Atypical","Pinguin"
59,19,1304.38250289861,162.761922563189,33.9752847188702,88198.9541152967,"Typical","Klapperschlange"
60,1,1145.73739045128,30.5223133463548,2.40060818806602,15555.6608905102,"Typical","Kaninchen"
60,2,1064.95930901649,76.8616729912214,15.1626143367418,35620.4766562913,"Typical","Klapperschlange"
60,3,2234.71787035194,883.170032614713,238.42997432992,470590.578729534,"Atypical","Fledermaus"
60,4,1075.74774024533,86.8893783701434,26.5541870446995,30941.2185105988,"Atypical","Seeloewe"
60,5,1204.27900513919,121.962155330057,17.96721364823,82663,"Typical","Falke"
60,6,1261.51496579323,20.7411213155434,3.06403290742009,12981.9127732939,"Typical","Hund"
60,7,1127.3979503409,69.8683994267215,11.1384286560685,44756.9999999998,"Typical","Hai"
60,8,1246.976920331,52.2463518610733,8.15189998503953,31991.7418661008,"Typical","Lachs"
60,9,1134.41295383183,56.212034768729,19.1635704112068,33067.8282272636,"Typical","Alligator"
60,10,1078.53337766902,35.9875204661718,11.5696354965628,19633.6904538722,"Typical","Katze"
60,11,1086.93707399289,25.4587649639939,4.31184113706964,16486.5176570461,"Typical","Goldfisch"
60,12,1289.59713625815,270.792042095241,68.4219859708433,153014.381902424,"Typical","Spatz"
60,13,1157.01038970726,40.0157122457627,7.08954835925038,22088,"Typical","Pferd"
60,14,2772.47804443686,1017.80818619207,401.634435228609,438683.541570786,"Atypical","Pinguin"
60,15,1512.23067352246,147.597176186558,41.3008273669493,96660.8775819432,"Typical","Chamaeleon"
60,16,4851.98041464124,1042.04541577029,584.107668446802,398674.5,"Atypical","Wal"
60,17,2855.41965289235,1088.29466928605,405.163244027477,531948.514037704,"Atypical","Aal"
60,18,1154.53206520964,114.109019028178,39.025039111897,63222.3276523115,"Typical","Loewe"
60,19,2511.45350418127,991.237718716661,372.721286275661,629746.878937865,"Atypical","Schmetterling"
